seller,name,public_host,search_types_hit,queries_hit,products,personalized,ucp_tools,webmcp_loader,price_min,price_max,option_names,samples
sweetflour-bakeshop.myshopify.com,Sweet Flour Bake Shop,www.sweetflour.ca,category; personalization; dietary; occasion; bulk; sentence,cookies; dessert_box; cookies_custom; cookies_vegan; corporate; cookies_bulk; sentence_dessert,21,7,13,true,450,9800,Add a decorated cookie (6); Select the packaging (4); Select the shape (3); Select the ribbon colour (if ribbon option selected above) (3); Choose the packaging (2); Select the ribbon colour (1); Select a quantity (1); Select the flavour (1),Thank You Sugar Cookies | Gourmet Cookie Gift Box (24) | Gift Bag of 6 Mini Cookies
partyexpertballoon.myshopify.com,Party Expert,www.party-expert.com,category; occasion; bulk; sentence,favors; baby_shower; kids; favors_bulk; sentence_kids,76,0,13,true,149,3999,,"Happy Icons Surprise Balls, 6 Count | Spider-Man mega favor pack, 48 per package | Fairy Party Paper Bags, 8 Count"
a0qrkj-ex.myshopify.com,Cookies By Design - Canada,cookiesbydesign.ca,category; personalization; dietary; occasion,cookies; cookies_custom; cookies_vegan; baby_shower,49,8,13,true,499,7129,Gourmet flavor: (1),School Love Favor Tray | Party Cupcakes Favor Tray | Pool Party Favor Tray
sfgd9w-x0.myshopify.com,Flowerhint,www.flowerhint.com,category; personalization; occasion; bulk,candles; coasters_engraved; wedding; favors_bulk,43,30,13,true,1757,18051,,"Rose Shaped Scented Candle Favors in Bulk  -  Personalized Wedding Bridal Baby Shower Birthday Gift  - Natural Soy Wax - Paraffin Lead Free | Personalized Peony Candle Wedding Favors, Engagement Favors, Wedding Candle Favors for Guest, Handmade Wedding Keepsakes, Baby Shower Gifts wedding flower | Custom Candle Wedding Favors with Dried Flowers, Bulk Wedding Favors for Guests, Personalized Wedding Gift for Guest, Wedding Thank you Gift"
party-stuff-v4.myshopify.com,Party Stuff,www.partystuff.ca,category; occasion; bulk; sentence,favors; baby_shower; kids; favors_bulk; sentence_kids,17,1,13,true,199,4999,,"48 Count Hello Kitty Party Favor Pack | Minecraft Favour Pack, 48 pieces | Favor Box - Heart, 8 Count, 4.5"""
veehacart-ca.myshopify.com,Veehacart,veehacart.ca,category; personalization; dietary; bulk,cookies; cookies_custom; cookies_vegan; cookies_gf; cookies_bulk,6,0,13,true,1968,2671,Pack size (4),Dohful Assorted Cookies | Dohful Assorted Cookies | Dohful S'mores Chocolate Chunk Cookies
plumpolkadot.myshopify.com,PlumPolkaDot,www.plumpolkadot.com,personalization; occasion; bulk,favors_personalized; wedding; baby_shower; favors_bulk,42,42,13,true,199,8499,,"Floral Party Favors, Hair Ties | Donut Party Favors, Hair Ties | Royal Blue & Silver Glitter Party Favors, Hair Ties"
mmhdg8-gd.myshopify.com,Bumbleberry Decor Ltd.,bumbleberrydecorltd.com,category; personalization; occasion,candles; favors_personalized; wedding; baby_shower,18,10,13,true,500,4000,Quantity (17); Color (8); Favor options (6); Scent (3); Design options for back (2); Fragrance (1),"Personalized Wedding Favors - Candle Box | ""Oh Baby!"" Teddy Bear Favors | ""Oh Baby"" Lion Party Favors"
0rdkjn-1g.myshopify.com,MAIOUMA INC.,maiouma.com,category; occasion; price,candles; wedding; baby_shower; favors_under_10; favors_under_25,10,3,13,true,4,285,Qty (9); Size (8); Color (5); Size  (2); Package (1),Rose Candle | Glass Jar Scented Candle | Crystal Clam Shell With Pearl
sullivanbleeker.myshopify.com,Sullivan & Bleeker Baking Co.,sullivanbleeker.com,category; personalization; dietary,dessert_box; cookies_custom; chocolate_nutfree,8,5,13,true,450,22500,Size (2); Title (1); Flavour (1),The Ultimate Dessert Collection Box: Grand Nut-Free Gift | Cookie & Candy Gift Box | Same Day Gift Delivery Toronto | Personalized Gourmet Cookie Jar: Soft-Baked Custom Gift
crave-cupcakes-and-cake.myshopify.com,Crave Cupcakes,www.cravecupcakes.ca,personalization; dietary; bulk,cookies_custom; cookies_vegan; cookies_gf; cookies_bulk,8,2,13,true,400,2100,Size (2); Allergy options (1),Build Your Own Half Dozen Cookie Assortment | Vegan Confetti Cookie | Vegan Chocolate Chip Cookie
the-sugar-cube.myshopify.com,The Sugar Cube,www.sugarcubeyyc.com,category; personalization; bulk,favors; favors_personalized; favors_bulk,5,5,13,true,7000,22000,Quantity (5); Allergen (4); Size (4); Colour theme (1),Custom Candy Bags | Custom Candy Bags | Custom Stickered Surprise Bags
yorkvilles.myshopify.com,YORKVILLE's,yorkvilles.ca,category; dietary; sentence,dessert_box; chocolate_nutfree; sentence_dessert,5,0,13,true,3899,7199,,Chocolate Dipped Strawberry Box | A Canadian Dessert Box | The Exotic Chocolate Box
bargainballoons.myshopify.com,Bargain Balloons USA,bargainballoons.com,bulk; price; sentence,favors_bulk; favors_under_25; sentence_kids,5,1,13,true,5,1069,Color (1); Size (1),"12"" Kalisan Brand Latex Balloons Aura Ivory White (50 Per Bag) | 12"" Standard White Decomex Latex Balloons (100 Per Bag) | 18"" Classic Letter Balloon Letter ""R"" Pink/White"
thegourmetgift.myshopify.com,The Gourmet Gifts,thegourmetgifts.ca,dietary; occasion; sentence,cookies_vegan; corporate; sentence_dessert,4,1,13,true,5999,18499,,Vegan Gift Basket | Prestige Corporate Basket | The Corporate Delight Hamper
readymadeplaycanada.myshopify.com,Readymade Play Canada ,readymadeplaycanada.com,category; personalization; bulk,favors; favors_personalized; favors_bulk,3,0,404,true,550,550,,Party Favours! | Party Favours! | Party Favours!
geniusgems.myshopify.com,Genius Gems,geniusgems.com,category; occasion; sentence,favors; kids; sentence_kids,3,0,13,true,2117,2117,Option (3),Goody Bags | Goody Bags | Goody Bags
partyexpert-fr.myshopify.com,Party Expert USA,www.party-expert.com,category; personalization; occasion,favors; favors_personalized; kids,3,3,13,true,397,397,,"Pokémon Birthday Favour Bags, 8 count | Pokémon Birthday Favour Bags, 8 count | Pokémon Birthday Favour Bags, 8 count"
kscrqm-1w.myshopify.com,Cookista,cookista.ca,category; personalization; dietary,cookies; cookies_custom; cookies_vegan,3,3,13,true,125,125,Packaging (3),Cookie Favors | Cookie Favors | Cookie Favors
levainbakery.myshopify.com,Levain Bakery,levainbakery.com,category; personalization; bulk,cookies; cookies_custom; cookies_bulk,3,3,13,true,5200,5200,Size (3),Build Your Own Cookie Box | Build Your Own Cookie Box | Build Your Own Cookie Box
bestsurprisegifts-com.myshopify.com,GiftAFeeling,www.giftafeeling.com,category; personalization; occasion,totes; coasters_engraved; corporate,3,1,13,true,220,2893,Quantity (3); Colors (2); Color (1),Laminated Fashion Tote | Custom Name Engraved Slate Coasters | Meeting Mastery + Merch Box 3-Piece Gift Set
7bc33e-e9.myshopify.com,Ibiza One Stop,ibizaonestop.com,category; personalization,coasters; totes; totes_monogram,14,10,13,true,2464,282324,,Nautical Sailor Knot Coaster (Set of 4) - Red Handmade in Maine from Recycled Sails | Love Notes Medium Tote Handmade in Maine from Recycled Sails | Custom Family Gift Tote - Navy Handmade in Maine from Recycled Sails
paper-parties-boutique.myshopify.com,Pretty Day,www.prettyday.com,category; occasion,favors; kids,13,0,13,true,2034,4509,,Multi Surprise Balls | Toybox Icon Party Bags 8pk. | Charm Party Bags 8pk.
xrbthg-vv.myshopify.com,Present Agent,store.presentagent.vip,category; dietary,dessert_box; totes; chocolate_nutfree,11,0,13,true,4110,31000,,Taste of Di Bruno Cheese & Charcuterie Gourmet Gift Box | Montana Tote | Magnolia Kelly Green Retro Tote
igift.myshopify.com,HAZELTON's,www.hazeltons.ca,category; dietary,dessert_box; chocolate_nutfree,8,0,13,true,3899,10199,,The Soft Luxe Sweets Box | Sweet Birthday Blush Gift Box | Shared Sweetness Strawberries & Macarons Gift Box
partywarehousecanada.myshopify.com,Party Warehouse,partywarehousecanada.myshopify.com,occasion; bulk,kids; favors_bulk,6,0,13,true,169,1099,,Cocomelon Paper Craft Bags-8Pcs | Bluey Blowouts-8ct | Hot Wheels Blowouts-8PCS
confettimyparty-5294.myshopify.com,CONFETTIMYPARTY,www.confettimyparty.com,category; occasion,favors; kids,5,0,13,true,2550,3000,,PRINCESS PARTY BAGS BY MERI MERI | ROCKET PARTY BAGS BY MERI MERI | GINGHAM FRINGE PARTY BAGS BY MERI MERI
blooms-vancouver.myshopify.com,Vancouver Blooms,vancouverblooms.ca,category; sentence,dessert_box; sentence_dessert,5,2,13,true,5999,13999,,Cakecicle Dessert Gift Box | Gourmet Craft Beer & Dessert Gift Box | Complete Macaron & Flower Gift Box
bunners-bakeshop.myshopify.com,Bunner's Bakeshop,bunners.ca,personalization; dietary,cookies_custom; cookies_vegan,5,1,13,true,400,7200,,1 Dozen Custom Sugar Cookies | Cookies and Creamio | Chocolate Chip Creamie
bhfood.myshopify.com,BH Food Group,bhfoodgroup.com,dietary; bulk,cookies_vegan; cookies_bulk,5,0,13,true,2900,4000,,305 Cookie-RTB-06 Matcha Choco Duo (Vegan) (12pc) | 302 Cookie-RTB-03 Dark Chocolate Hazelnut Bliss (12pc) | 300 Cookie-RTB-01 Chocolate Walnut Drop (12pc)
lemon-and-lavender-toronto.myshopify.com,Lemon And Lavender Toronto,shop.lemonlavender.com,category; occasion,favors; kids,4,0,13,true,2999,4999,,Surprise Cake Slices | Meri Meri | Stripe Party Bags (Set of 8)-Meri Meri | Stripe Party Bags (Set of 8)-Meri Meri
buchans-kerrisdale-stationery-3461.myshopify.com,Buchan's Kerrisdale Stationery,www.buchanst.com,category; occasion,favors; kids,4,0,13,true,2599,3199,,MERI MERI - Multicolor Star Confetti Cracker | MERI MERI - Animal Parade Party Bags - Pack of 8 | MERI MERI - Animal Parade Party Bags - Pack of 8
foodiepages.myshopify.com,Foodiepages,www.foodiepages.ca,category; dietary,dessert_box; cookies_vegan,4,0,13,true,4000,8100,,Smile Gift Box (Reachdesk Canada) | SMILE Gift Box (Reachdesk USA) | Coffee & Fresh-Baked Cookies
heavenpartyflowers.myshopify.com,Heavenpartyflowers,heavenpartyflowers.com,category; occasion,candles; wedding,4,1,13,true,8800,18100,Quantity (4); Fragrance oil (3); Tea option (1),Soy Candle Favors | Flower Candle favors | Soy Candle Favors
memories-made-custom.myshopify.com,Memories Made Custom,memoriesmade.ca,category; personalization,coasters; coasters_engraved,4,4,13,true,800,1000,,"Custom Engraved Cork Coasters | Personalized, Designed & Engraved in Canada | Custom Engraved Cork Coasters | Personalized, Designed & Engraved in Canada | Personalized Engraved Wood Coasters | Custom Square or Round Wooden Coaster"
lobo-worldwide-inc.myshopify.com,Lobo Worldwide Inc.,www.loboworldwide.com,dietary; sentence,cookies_gf; sentence_dessert,4,0,13,true,3684,6702,,"(3 pack) OREO Gluten Free Chocolate Sandwich Cookies, Gluten Free Cookies, 12.08 oz | OREO Double Stuf Gluten Free Chocolate Sandwich Cookies, Gluten Free Cookies, 12.47 oz Packs | OREO Gluten Free Mint Creme Chocolate Sandwich Cookies, Gluten Free Cookies, 12.47 oz"
yvrcookie.myshopify.com,YVR Cookie,yvrcookie.com,dietary; bulk,cookies_gf; cookies_bulk,4,0,13,true,874,899,Size (3),GF Chocolate Chunk | Assorted Cookie | Double Chocolate Chunk
mybaskets.myshopify.com,MY BASKETS,www.mybaskets.ca,dietary; occasion,chocolate_nutfree; corporate,4,0,13,false,3900,28000,,Assorted Chocolate Box | Corporate Gift With Wine | Corporate Gift with 2 Wine
thecrossdesign.myshopify.com,The Cross Living,www.thecrossliving.com,category; occasion,favors; kids,3,0,13,true,3000,3000,,Mermaid Party Bags | Mermaid Party Bags | Dinosaur Kingdom Party Bags
1gmzrj-af.myshopify.com,Dazzling Party and Balloons,dazzlingballoons.ca,category; bulk,favors; favors_bulk,3,0,13,true,2195,2495,,Hello Kitty & Friends Favor Pack 48 Pack | Pokemon Mega Pack Value Mix Party Favors 48/PCS | Hello Kitty & Friends Favor Pack 48 Pack
bluesheepbakeshop.myshopify.com,Blue Sheep Bake Shop,bluesheepbakeshop.com,category; personalization,cookies; dessert_box; cookies_custom,3,1,13,true,395,6495,,"2 Count Cookie Favors | Chocolate Luxe Birthday Bento Gift Box | Cake, Cupcakes & Macarons | Printed Cookies  - $5.95"
yw0hmd-fb.myshopify.com,The Qutie Trinx Company,thequtietrinxcompany.ca,category; occasion,candles; corporate,3,3,13,true,850,950,Theme (1); Type (1); Vinyl (1),4oz - Personalized Candle Favours - 'Thank You' Coconut Candles - 15 pcs | 4oz - Personalized Baby Shower Candle Favours | Personalized Mini Succulent Favors - Corporate & Event Gifts
whiteroomfavors.myshopify.com,Whiteroomfavors,whiteroomfavors.myshopify.com,category; occasion,candles; wedding,3,3,13,true,3105,5928,,"10 pcs Favors for Guests, Wedding Favors, Rustic Wedding, Custom Favors, Sunflower Favors, Rustic Favors, Sunflower Party Favors | 10 pcs Mauve Rose Favors, Wedding Favors for Guests, Wedding Favors, Rustic Wedding, Custom Favors, Rustic Favors, Burlap Favor Bags | 5 pcs Wedding favors, Peacock favors, Wedding favors for guests, Baptism, Favours, Engagement favors, Party favors, Party Supplies"
confetti-sweets-yeg.myshopify.com,Confetti Sweets - Sherwood Park,confettisweets.ca,personalization; bulk,cookies_custom; cookies_bulk,3,3,13,true,2500,5400,Number of cookies (1),Printed Cookie Box Set | Custom Printed Cookies | Custom Printed Cookies
sugar-dream-cookies-f5fb.myshopify.com,Sugar Dream Cookies & Supplies,sugardreamcookies.ca,personalization; bulk,cookies_custom; cookies_bulk,3,3,13,true,350,475,Cookie flavours (2); Icing flavour (2); Cookie flavour (1),Large Custom Cookies | Small Logo and Specialty Printed Cookies | Large Custom Cookies
wellboxuk.myshopify.com,WellBox,wellboxes.co.uk,dietary; sentence,cookies_gf; chocolate_nutfree; sentence_dessert,3,0,13,true,1495,6995,Dietary options (1),Dough! Letterbox Cookies | Vegan and Gluten Free Chocolate Gift | Home
anne-of-green-gables-chocolates.myshopify.com,ANNE of Green Gables Chocolates,annechocolates.com,dietary; sentence,chocolate_nutfree; sentence_dessert,3,0,13,true,3998,4998,,Handmade Heaven Gift Box | Localicious Gift Box | Handmade Heaven Gift Box
the-little-charm-box.myshopify.com,J&F Gift Inc,jfgiftinc.com,occasion; sentence,corporate; sentence_dessert,3,1,13,true,2490,7600,,Gratitude Mini (Green) | Simple Thanks | Home & Heart
dollar-max-depot.myshopify.com,Dollar Max Dépôt,www.dollarmaxdepot.com,bulk; sentence,favors_bulk; sentence_kids,3,0,13,true,249,329,,Wilton 25 Clear Plastic Party Bags with Ties 4x9.5in | Building Blocks 8 Paper Cups 9oz | Mermaid Honeycomb Centerpiece  Paper and Glitter 14in
vancouverbaskets.myshopify.com,Vancouver Baskets,vancouverbaskets.ca,category; sentence,dessert_box; sentence_dessert,2,0,13,true,7499,7499,,Birthday Bash Dessert Box | Birthday Bash Dessert Box
baskets-hamilton.myshopify.com,Hamilton Baskets,hamiltonbaskets.ca,category; sentence,dessert_box; sentence_dessert,2,0,13,true,7499,7499,,Birthday Bash Dessert Box | Birthday Bash Dessert Box
98ccta-f7.myshopify.com,The Brownie Blondie,98ccta-f7.myshopify.com,category; sentence,dessert_box; sentence_dessert,2,0,13,true,8000,8000,,Party Dessert Box (12 Pieces) | Party Dessert Box (12 Pieces)
iuihm1-r0.myshopify.com,Love and Flour,loveandflour.ca,category; sentence,dessert_box; sentence_dessert,2,0,13,true,195,195,,Clear Dessert Box w/handle | Clear Dessert Box w/handle
curedcatering.myshopify.com,Cured Catering,www.ordercured.com,category; sentence,dessert_box; sentence_dessert,2,0,13,true,2000,4500,Size (2),Dessert Box | Charcuterie + Dessert Combo
flour-flower.myshopify.com,Flour & Flower,www.flourandflower.ca,category; dietary,dessert_box; cookies_vegan,2,0,13,true,4500,18000,Size (1); Flavour (1),Garden Box | VEGAN Mini Imperials
kitten-and-the-bear.myshopify.com,Kitten and the Bear,www.kittenandthebear.com,category; sentence,dessert_box; sentence_dessert,2,0,13,true,3200,3200,,KATB Sweets Box | KATB Sweets Box
fairs-quare.myshopify.com,Fair/Square,fair-square.ca,category; dietary,dessert_box; chocolate_nutfree,2,1,13,true,6495,6495,Dietary preference (2),Sweets & Treats Gift Box | Chocolate Lover Gift Box
sugarlovedesigns.myshopify.com,Sugar Love Designs,sugarlovedesigns.com,category; sentence,dessert_box; sentence_dessert,2,0,13,true,350,350,,DIY Christmas Dessert Boxes | DIY Christmas Dessert Boxes
lynn-liana.myshopify.com,Lynn & Liana Designs,lynnliana.com,category; sentence,coasters; sentence_dessert,2,0,13,true,3900,21800,Color (2),Ceramic Coasters (set of 4) | Acrylic Serving Tray
simply-gifted-burlington.myshopify.com,Simply Gifted ,simplygifted.ca,category; personalization,totes; coasters_engraved,2,1,13,true,1200,3500,,Giftology - Burlington Tote bag | Crawford Custom Engraving - Taylor Swift Albums Acrylic- Evermore
precious-memories-co.myshopify.com,Precious Memories Co,preciousmemoriesco.ca,category; personalization,totes; coasters_engraved,2,2,13,true,2800,6500,Quantity in set (1),"Personalized Tote Bag, Custom Silicone Tote Bag, Custom Engraved Tote Bag, Teacher's Tote, Beach Bag, Mother's Day Gift, Custom Gift for Her | Custom State Coasters, Acrylic Coasters, Custom Engraved Coasters, Housewarming Gift, Gift for Newly Weds, Wedding, Unique Gift, Family Gift"
peacock-bakehouse.myshopify.com,Peacock Bakehouse,peacockbakehouse.com,personalization; bulk,cookies_custom; cookies_bulk,2,0,13,true,4400,4800,Flavours (1),Six of a Kind - Choose Your Own Flavour | Mega-stuffed Cookie Box - 6 Assorted Flavours
the-warehouse-liquidation.myshopify.com,The Warehouse Liquidation,thewarehouseliquidation.com,occasion; sentence,kids; sentence_kids,2,0,13,true,1999,2099,,"NEW 12 PCS Kids Dinosaur Party Favor Bags for Birthday Party Gift Package, Animal Drawstring Bag Cartoon Dinosaur Birthday Treat Bags, Dinosaur Goody Bag Gift Pouch for Kids Boys and Girls Party | Birthday Party Supplies Set for Kids, Superhero Avengers Theme Decorations Kits Include Birthday Banner, Balloons, Cupcake Toppers, Gold Flat Ribbon"
devamandacluett.myshopify.com,Black Bow Gift Co.,blackbowgiftco.ca,occasion; sentence,corporate; sentence_dessert,2,0,13,true,9000,21000,Your choice of mini dish (1),Ambition & Appreciation | Take It Easy
hubman-and-chubgirl.myshopify.com,Hubman and Chubgirl,hubmanchubgirl.store,category,stickers,41,0,13,true,608,675,,Sticker Sheet - Sweet Lavender | Sticker Sheet - Vintage Faves | Getting Cozy with a Good Book Sticker Sheet
ti9ubc-fw.myshopify.com,Kaleidopamine Studio,kaleidopaminestudio.com,category,coasters,14,0,13,true,2600,2600,Style (2),Glass Tile Coaster - Cotton Candy | Glass Tile Coaster - Green Apple | Glass Tile Coaster - Summer Dream
qqiz0a-6i.myshopify.com,Halo B Designs ,www.halobdesigns.com,personalization,favors_personalized,11,11,13,true,600,27999,Title (6); Quantity (2); Guest count (2); Brand preference (1); Candy preference (1); Package (1); Favor types (1),Custom Chip Bag Party Favors | Custom Party Favor – Deluxe Bundle (20 Guests) | Custom Party Favor – Ultimate Bundle (30 Guests)
custom-treatz-by-sharon.myshopify.com,Custom Favorz by Sharon,customfavorzbysharon.myshopify.com,personalization,favors_personalized,10,10,13,true,1000,1000,Options (8); Quantity (2); Design option (1); Skin tone (1),PAINT PARTY CHIP BAGS | PATRON TEQUILA CHIP BAGS | EMOJI CHIP BAG
momentko-depot.myshopify.com,Momentko,momentko.com,sentence,sentence_kids,9,0,13,true,199,1499,,"Minecraft Party Decoration Kit - Quick Setup - Affordable Fun For Ages 5+ | Affordable 48-Piece Paw Patrol Favor Pack - Easy Setup, Perfect For Kids' Birthdays | Affordable Toy Story Themed Plastic Cup - Perfect for Kids' Birthday and Anniversary Parties!"
lxry-fashion-rwipqr0a.myshopify.com,LXRY +,lxrywear.com,personalization,totes_monogram,7,7,13,true,208500,625700,,Gucci Leather-Trimmed Monogrammed Coated Tote Bag – Green | Louis Vuitton Empreinte Monogram Giant Broderies OnTheGo MM Tote Bag - Light Brown | Louis Vuitton Monogram Jacquard Denim OnTheGo MM Tote Bag - Black
sweetsfromtheearth.myshopify.com,Sweets from the Earth,shop.sweetsfromtheearth.com,dietary,cookies_vegan; cookies_gf,7,0,13,true,899,999,,S'mores Cookie - 75g x 6 pack | Gluten Free Oatmeal Coconut Cookie Box 300g | Gluten Free Flourless Cashew Cookie Box 300g
bazaar-novelty.myshopify.com,Bazaar & Novelty,bazaarnovelty.ca,bulk,favors_bulk,7,0,13,true,4450,21000,,***ENTERTAINER FOR 50 | **NEW YEAR RESOLUTION FOR 50 | TIARIA HAPPY NEW YEAR  - 50/BOX
palico-cards-collectibles.myshopify.com,Palico Cards & Collectibles,palicocards.ca,price,favors_under_10; favors_under_25,7,0,13,true,2,10,Title (2); Condition (1),Who's the Tough Guy? (Blue) [SUP - SUP054] | Soul Cleaver (Yellow) [DTD185] (Dusk Till Dawn) | Swindler's Grift (Yellow) [SEA170]
out-of-the-box-ca.myshopify.com,Out Of The Box CA,outoftheboxtcg.com,price,favors_under_25,7,1,13,true,10,20,Title (4),Pack's Favor [Guilds of Ravnica] | Clip Wings [Shadows over Innistrad] | Bag Check [Unfinity]
shopinkpot.myshopify.com,Inkpot,shopinkpot.myshopify.com,personalization,coasters_engraved,6,6,13,true,899,1055,,Laser Engraved Personalized Coaster - Family Name | Laser Engraved Personalized Coaster - Custom Name | Laser Engraved Personalized Coaster - Family Name
themodernshop.myshopify.com,The Modern Shop,themodernshop.com,category,coasters,5,0,13,true,10795,13090,,Maritime Coasters by Jonathan Adler | Sirena Coasters by Jonathan Adler | Hôtel De Rêve Coasters by Jonathan Adler
whisked-gluten-free-bakery.myshopify.com,Whisked Gluten-Free Bakery,whiskedglutenfree.com,dietary,cookies_vegan; cookies_gf,5,0,13,true,385,999,,Bite Size Chocolate Chip Cookies | Oatmeal Raisin Cookies | Bite Size Chocolate Chip Cookies
imirpt-dv.myshopify.com,Luxify Gifts,luxifygifts.com,occasion,corporate,5,1,13,true,9999,12499,,Welcome Kit™ Luxury Corporate Gift Box | Workspace Pro- Luxury Gift Box | Premium Corporate & Employee Gift | Corporate Welcome Kit | Custom Branded Employee Gift Tote
6k1gir-3p.myshopify.com,Palengke Wholesale,www.palengke.ca,bulk,cookies_bulk,5,0,13,true,6047,9418,,Rondeau Bigd (New) Oatmeal 10X100 Gr | Lula Cookies With Dates - Case of 12 (228G) | Oli Cookie Chocolate Chip 8X100 Gr
c58903-4.myshopify.com,Premium Sports Cards,www.premiumsportscards.ca,price,favors_under_10; favors_under_25,5,0,13,true,6,18,Condition (3); Language (2); Printing (1),Beach Court [SVI - 167/198] | Vullaby [SWSH08 - 172/264] | Simipour [SWSH08 - 069/264]
tabletop-giant.myshopify.com,Tabletop Giant,tabletopgiant.ca,price,favors_under_25,5,0,13,true,15,20,Title (4),Kelinore Bat [Magic 2010] | Enigma Eidolon [Dissension] | Erg Raiders [Fourth Edition]
bajoue.myshopify.com,Bajoue,bajoue.ca,category,totes,4,0,13,true,2999,2999,Color (1),Tote bag- Mamie d'amour | Tote bag- Maman incroyable | Tote bag- Meilleure éducatrice
z51p5y-xw.myshopify.com,Elite Embellishments,eliteembellishments.ca,personalization,coasters_engraved,4,4,13,true,1464,1464,Quantity (4); Coaster shape (4),Toronto Maple Leafs Slate Coaster | Engraved Hockey Stone Coaster | Personalized Monogram Slate Coaster | Custom Initial Gift | Toronto Blue Jays Coaster – Engraved Slate Stone | Baseball Fan Gift
3vh80y-k7.myshopify.com,Gifty,gifty.media,occasion,corporate,4,2,13,true,1999,5599,Color (3),Premium Corporate Gift Set – Custom Logo | Executive Smart Gift Set – Notebook Pen & Temperature Flask | Mini Wellness Gift Box
745d6f-06.myshopify.com,Casepack,casepack.ca,bulk,cookies_bulk,4,0,13,true,1999,6299,,Nestle Crunch Cookie Biscuit 100G | Case of 20 | Bulk Candy & Chocolate | Peanut Snaps 30G | Case of 25 | Bulk Cookies & Biscuits | Gullon Biscuits Maria Cookies 600G | Case of 10 | Bulk Cookies & Biscuits
boutique-le-chevalier.myshopify.com,Boutique Le Chevalier,boutiquelechevalier.com,price,favors_under_25,4,0,13,true,24,24,Title (2),Soul Seizer // Ghastly Haunting [Dark Ascension] | Jasmine Seer [Urza's Destiny] | Stoic Ephemera [Dissension]
lauries-red-pantry.myshopify.com,23sweets,23sweets.com,personalization,cookies_custom,3,3,13,true,500,31000,Flavour of cookie (1); Flavour (1),"Cookies, Elf cookies with names, personalised cookies, sugar cookies, 1 custom cookie | JESSICA CUSTOM COOKIE ORDER , 1 dozen custom cookies | MARIA: Custom order just for you"
mcgpqm-hf.myshopify.com,Wild Touch Engraving,www.wildtouchengraving.com,personalization,coasters_engraved,3,3,13,true,1600,2999,Shape (3),Personalized Engraved Slate Coasters – Set of 4 | Personalized Engraved Wood Coasters – Set of 4 | Personalized Engraved Cork Coasters – Set of 4
poshbagboutique.myshopify.com,Poshbag Boutique,poshbagboutique.myshopify.com,personalization,totes_monogram,3,3,13,true,210000,255000,,Carry It Monogram Canvas Tote Bag | Neverfull GM Monogram Canvas Bag with Pouch | Monogram Neverfull MM Tote Bag with Pouch & Pivoine Interior
mine-yours-co.myshopify.com,Mine & Yours,www.mineandyours.com,personalization,totes_monogram,3,2,13,true,209500,375000,,Louis Vuitton Cream Monogram Empreinte Leather OnTheGo GM Tote | Goyard Black/Brown Coated Canvas Goyardine St. Louis PM Tote Bag with Pouch | Goyard Grey Goyardine Artois Tote MM
barrys-jewellers.myshopify.com,Barry's Jewellers,barrysjewellers.com,personalization,totes_monogram,3,3,13,true,95000,210000,,Carry It Monogram Canvas Tote Bag | Monogram Sac Shopper Tote | Bree Small Monogram Canvas Tote Bag
once-more-luxury.myshopify.com,Once More Luxury,oncemoreluxury.com,personalization,totes_monogram,3,3,13,true,158000,215000,,Louis Vuitton Monogram Neverfull GM with Pouch | Louis Vuitton Monogram Canvas Carry It Tote | Louis Vuitton Monogram Flandrin Tote Bag
jd44y5-1s.myshopify.com,DEZZINER,dezziner.com,personalization,totes_monogram,3,3,13,true,319800,528400,,Louis Vuitton Empreinte Monogram Giant Broderies OnTheGo MM Tote Bag - White | Louis Vuitton Empreinte Monogram Giant Neverfull MM Tote Bag - Cognac | Louis Vuitton Empreinte Monogram Giant Broderies OnTheGo MM Tote Bag - Light Brown
vancouver-best-cookies.myshopify.com,Vancouver Best Cookies,www.vancouverbestcookies.com,dietary,cookies_vegan; cookies_gf,3,0,13,true,3699,3999,,Vegan Cookie Master Sampler | Gluten Free Cookie Master Sampler | Subscription- Gluten Free Assorted
ec4542.myshopify.com,Whisked Away,www.whiskedaway.ca,dietary,cookies_vegan,3,0,13,true,600,600,,Vegan Semi-Sweet Chocolate Chip Cookie | Vegan Lemon Macadamia and White Chocolate Chip Cookie | Vegan Salted Caramel and Dark Chocolate Chip Cookie
organic-grocer-bc.myshopify.com,Aura Natural Market,www.auramarket.ca,dietary,cookies_vegan; cookies_gf,3,0,13,true,1049,1069,,"Nowhere Bakery The Choc Chip Cookie – Plant-Based, Gluten-Free Soft-Baked Cookie (60g) | Tate's Bake Shop Gluten Free Chocolate Chip Cookies 198g | Nowhere Bakery The Choc Chip Cookie – Plant-Based, Gluten-Free Soft-Baked Cookie (60g)"
danashortt.myshopify.com,Dana Shortt Gourmet and Gifts,shop.danashortt.com,dietary,cookies_gf; chocolate_nutfree,3,0,13,true,948,11298,,Cookie it Up - Gluten Free Butterscotch Cookies (CI0495) (C12) | Cookie it Up - Gluten Free Chocolate Chip Cookies (CI0433) (C12) | Reids - Best of Reids Box
wrap-artist-baskets.myshopify.com,Wrap Artist Baskets,www.wrapartistbaskets.ca,occasion,corporate,3,1,13,true,5000,6495,,Welcome! | The VIP Experience | The Stress Buster
a9jxaa-1u.myshopify.com,Fancy Collective,fancycollective.ca,occasion,corporate,3,0,13,true,5900,6900,,Events | Appreciate | Welcome
mvr-plus.myshopify.com,MVR Plus,plus.mvrwholesale.com,bulk,cookies_bulk,3,0,13,true,1032,4932,,BIG DADDY - CHOCOLATE CHUNKS 8x100 GR | MILKA - SENSATION OREO 12x156 GR | LOTUS BISCOFF - SANDWICH COOKIES VANILLA CREAM 9x150 GR
the-cg-realm.myshopify.com,The CG Realm,www.thecgrealm.com,price,favors_under_25,3,0,13,true,21,22,Title (3),Armor Ninjitsu Art of Freezing (ORCS-EN068) - Order of Chaos Unlimited | Leafplace Plaice (BACH-EN029) - Battle of Chaos 1st Edition | Performage Plushfire (DOCS-EN016) - Dimension of Chaos Unlimited
nutmegspiced.myshopify.com,nutmegspiced,nutmegspiced.ca,sentence,sentence_dessert,3,0,13,true,4500,12000,Option (1); Size (1),Taste of Home Caribbean Pastry Box | Grenadian Calypso Pastry Box – 32 Cocktail-Size Assorted Pastries | Grenadian Calypso Pastry Box – 16 Assorted Pastries
pickeco-refills.myshopify.com,PickEco Refills ,www.pickeco.ca,sentence,sentence_dessert,3,0,13,true,4499,4499,,Twinkltoast - Pyrex-Inspired Spring Blossom Casserole Ceramic Trinket Box | Twinkltoast - Pyrex-Inspired Gooseberry Casserole Ceramic Trinket Box | Twinkltoast - Pyrex-Inspired Butterfly Gold Casserole Ceramic Trinket Box
churchills-fine-gourmet-gifts.myshopify.com,Churchill's Fine Gourmet Gifts,churchillsgourmetgifts.com,category,dessert_box,2,0,13,true,4995,6995,Gift styling (2); Shortbread cut (1); Shortbread shape (1),30-Piece Classic Mix Signature Gift Box | 16-Piece Classic Mix Signature Gift Box
lulu-island-favours-canada.myshopify.com,Lulu Island Honey,luluislandfavours.ca,category,candles,2,0,13,true,300,475,Tags (1); Candle style (1); Size of jar (1),Favour Bags | Honey & Candles | Double Happiness Favors | Chinese Weddings
9epetp-cp.myshopify.com,Artlavka ,artlavka-2.myshopify.com,category,candles,2,0,13,true,650,9250,Color (1); Quantity (1),🤍 Heart Candle Favors — Gifts for Guests & Special Events | Gender Reveal Teddy Bear Soy Candle Favor Tulle
fd119d-cv.myshopify.com,Ambient Studio,ambient-studio-2.myshopify.com,category,candles,2,0,13,true,2750,5750,Quantity (1); Qty (1),Peony Bridal Shower Favor Candle | Mini Bubble Candle
everlastingcandleco-com.myshopify.com,Everlasting Candle Co.® Canada,www.everlastingcandleco.ca,category,candles,2,0,13,true,8500,8900,Color (2); Vase (2),Wylie Signature Sets | Neva Collection Sets
eternalrosesca.myshopify.com,Eternal Roses CA,eternalroses.ca,category,candles,2,2,13,true,1100,1400,Color (2),Preserved roses Party Favors | Flower Decoration Accessories | Party Favors | Flower Decoration Accessories
thecoffeemonsterzco.myshopify.com,TheCoffeeMonsterzCo,thecoffeemonsterzco.com,category,stickers,2,0,13,true,405,452,Select (1),Helen's Favourite Things - Foiled Sticker Sheet | Bean Sampler Full Sheets - Negative Days
maison-lipari-test-shop-2.myshopify.com,Maison Lipari,www.maisonlipari.ca,category,coasters,2,0,13,true,12800,14300,,Jonathan Adler | Playa Coaster Set - Set of 4 | Jonathan Adler | Le Wink Coaster Set - Multicolor
boutiquemariedumas.myshopify.com,Boutique Marie Dumas,mariedumas.com,category,coasters,2,0,13,true,12799,13799,,Jonathan Adler Versailles Coasters | Roseland Coasters
juxtaposegifts.myshopify.com,Juxtapose Cards & Gifts,juxtaposegifts.myshopify.com,category,coasters; totes,2,0,13,true,2195,2295,,Coaster Soak Up Feline Fine | Bag Full Of Ponies Handy Tote
something-personalized.myshopify.com,Something Personalized,somethingpersonalized.ca,category,totes,2,0,13,true,3200,5000,,Safari Handy Open Top Tote | Safari Medium Zippered Tote Bag
d87ce2-43.myshopify.com,Indigo,www.indigo.ca,category,totes,2,0,13,true,2887,2887,Colour (2),"Heather Tote Bag, French Vanilla | Heather Medium Tote Bag, Faux Suede Sand"
silla-designs.myshopify.com,Silla Designs,silladesigns.com,category,totes,2,0,13,true,4499,4499,,Canvas Tote Bag | Cool Cats | Canvas Tote Bag | Book Club
outer-layer.myshopify.com,Outer Layer,outerlayer.com,category,totes,2,0,13,true,2095,2199,,Have You Tried Cheese Handy Tote | Toronto Cityscape Tote Bag
cedar-canoe-books.myshopify.com,Cedar Canoe Books,www.cedarcanoebooks.com,category,totes,2,0,13,true,2700,2700,,Moody Cats Canvas Tote | Judgy Fish Canvas Tote
sweetyummy.myshopify.com,Sweet Yummy,sweetyummycookies.com,personalization,cookies_custom,2,2,13,true,850,9000,Style (1),Set of 12 custom cookies | 🐰 Personalized Bunny
dua5pi-7e.myshopify.com,Crown Cookies,crowncookies.ca,personalization,cookies_custom,2,2,13,true,5000,5000,,Custom Gift Box 12 mini Cookies | Custom Gift Box 6 Cookies
sahara-tea.myshopify.com,Robyn's Cookies & Co,robynscookies.com,personalization,cookies_custom,2,2,13,true,775,4500,,Personalized Sugar Cookie | XL Personalized Cookie
country-cakes-bakes.myshopify.com,Country Cakes & Bakes,www.countrycakesandbakes.com,personalization,cookies_custom,2,2,13,true,800,1350,Dozen (1); Quantity (1); Package individually (1),"Mini Frosted Sugar Cookies Custom Colors | 3"" Frosted Sugar Cookies--Seasonal Colors,colors may vary from picture"
terriffetti-cookie-co.myshopify.com,The Confectionist,theconfectionist.ca,personalization,cookies_custom,2,2,13,true,7500,8500,,Custom Cookies | Detailed Design (per dozen) | Custom Cookies | Complex Design (per dozen)
shopatmint.myshopify.com,SEND JOY,www.sendjoygiftboxes.com,personalization,cookies_custom,2,2,13,true,1700,1700,,BOY RABBIT AND CUSTOM NAME RABBIT -- PRE ORDER | GIRL RABBIT AND CUSTOM NAME RABBIT -- PRE ORDER
fnc-workshop.myshopify.com,FnC workshop,fncgiftstore.ca,personalization,coasters_engraved,2,2,13,true,800,5000,Options (1); Style (1),Custom Engraved Slate Coaster | Personalized Gift | Laser Engraved Drink Coaster | Engraved Coasters
7a89d6-41.myshopify.com,Things Engraved,thingsengraved.com,personalization,coasters_engraved,2,2,13,true,699,3799,,Custom Photo/Text Square Coaster | Marble Coaster with Custom Engraving Set of 4
jxuwfh-mn.myshopify.com,TNDS Laser Engraving,tnds-laser-engraving.myshopify.com,personalization,coasters_engraved,2,2,13,true,3700,4500,,Custom Family Name Wooden Coasters – Laser Engraved Hardwood Set (Rustic Home Décor) | American Flag & Battlefield Cross Slate Coaster Set – Laser Engraved Patriotic Military Memorial Coasters
2dfd13-3e.myshopify.com,Lasers and Wood Custom Creations,lasersandwood.ca,personalization,coasters_engraved,2,2,13,true,1000,1000,,Tragically Hip - Written Coaster | Customized Coasters
harlow-baby-boutique-official-website.myshopify.com,Harlow Boutique Official Online Store,harlowboutique.ca,personalization,totes_monogram,2,2,13,true,2195,2195,,Monogrammed Tote Bag | Monogrammed Tote Bag
craigs-cookies-development.myshopify.com,Craig's Cookies ,craigscookies.com,dietary,cookies_vegan; cookies_gf,2,0,13,true,2400,2400,Number of cookies (2); Gift box (2),VEGAN CLASSIC CHOCOLATE CHIP | GLUTEN-FRIENDLY CLASSIC CHOCOLATE CHIP
origin-bakery.myshopify.com,Origin Bakery,www.originbakery.com,dietary,cookies_vegan; cookies_gf,2,0,13,true,482,1950,Buy 6 -no tax (1),"Vegan Chocolate Chip Cookie, pack/2 | Everything Cookie"
i2rquw-wb.myshopify.com,Marsha Sophia,www.marshasophia.ca,dietary,cookies_vegan,2,0,13,true,399,399,,Vegan Cookie - Double Chocolate (2 Pack) | Vegan Cookie - Pumpkin Seed Chocolate Chip (2 Pack)
shopvegn.myshopify.com,Good Vegans,goodvegans.com,dietary,cookies_vegan; chocolate_nutfree,2,0,13,true,1495,1995,,Stroop Club | Stroopwafels (8 pcs) | *PRE-ORDER* Loco Love | Butter Caramel Pecan Chocolate (2 pcs)
vegansupply-ca.myshopify.com,Vegan Supply,vegansupply.ca,dietary,cookies_vegan,2,0,13,true,1199,1399,,Whims Caramel Cookie Bar - 100g | Stroop Club Traditional Mini Stroopwafels Cookies - 150g
lemonadeglutenfreebakery.myshopify.com,Lemonade Gluten Free Bakery,lemonadeglutenfreebakery.ca,dietary,cookies_vegan; cookies_gf,2,0,13,true,350,350,,Lemon Chewy Cookie (VEGAN) | Joe's Favourite Cookie
lady-glaze-bakehouse.myshopify.com,Lady Glaze,ladyglazedoughnuts.com,dietary,cookies_vegan,2,0,13,true,350,350,,Letter I Vegan | Letter Y Vegan
urban-baker-co.myshopify.com,Urban Baker Co.,urbanbakerco.com,dietary,cookies_vegan; cookies_gf,2,0,13,true,2400,2600,Urban baker favourite flavour box (2),Urban Baker Healthy Favourite Flavour Box | Urban Baker Healthy Favourite Flavour Box
mary-macleod.myshopify.com,Mary Macleod's Shortbread,marymacleod.com,dietary,cookies_gf,2,0,13,true,1300,5000,Flavour (1),Gable Gift Box of Gluten-Free Cookies | Peaked Box of Gluten Free Shortbread Cookies
naturallygf.myshopify.com,Naturally Gluten Free Bakery,naturallygf.ca,dietary,cookies_gf,2,0,13,true,975,1150,,Fudgy Brownie Cookies 8 pk | Lemon Crackle Cookies 8 pk
makerhouse.myshopify.com,Maker House Co.,makerhouse.com,dietary,chocolate_nutfree,2,0,13,true,3299,4999,,Chocolate Sampler | Chocolate Lovers Gift Box
ae665e-4.myshopify.com,The Little Market Box,www.thelittlemarketbox.com,dietary,chocolate_nutfree,2,0,13,true,2800,3000,,Those Girls - Seasonal Gift Box | Those Girls - Classic Chocolate Gift Box
somachocolate.myshopify.com,SOMA chocolatemaker,www.somachocolate.com,dietary,chocolate_nutfree,2,0,13,true,2000,6000,,Spark of Joy Caramel & Praline box | Dark Lover's Lunch Box
nature-sante.myshopify.com,Nature Sante,naturesante.ca,dietary,chocolate_nutfree,2,0,13,true,1069,1069,,PRETZELS 100G DARK CHOCOLATE UNREAL | CUPS 120G DARK CHOCOLATE PEANUT BUTTER
9cbefe-2.myshopify.com,Baby Shower Chocolate,babyshowerchocolate.com,occasion,wedding,2,2,13,true,3000,7400,Quantity (2); Color (1); Shape (1); Design (1),Custom Resin Magnet Wedding Favors – Personalized Epoxy Bridal Shower Gifts for Guests | Islamic Wedding Favors Ayatul Kursi Resin Magnet Custom Epoxy Personalized Gift Bridal Shower Guest Souvenir Bulk
b45d0a-ab.myshopify.com,Terra's Vibe Swedish Cloths,terrasvibe.com,occasion,wedding; baby_shower,2,2,13,true,30000,30000,Number of cloths (2),25 x Custom WEDDING GUEST FAVORS - any color | 25 x Custom BABY SHOWER FAVORS
baby-joy-canada.myshopify.com,Baby Joy Canada,babyjoy.ca,occasion,baby_shower,2,2,13,true,12500,20800,,Zeronto Classic Gift Basket - Custom Your Own | Zeronto Signature Gift Basket - Custom Your Own
mobilewag.myshopify.com,LiquidationMania.com,mobilewag.myshopify.com,occasion,kids,2,0,13,true,300,300,,"BEEBEERUN 12PCS Kids Dinosaur Birthday Party Drawstring Party Favor Bags, SQ002 | BEEBEERUN 2PCS Kids Drawstring Party Favor Bags for Birthday Party with Cartoon Dinosaur SQ004"
arkitype23.myshopify.com,arkitype,arkitype.my,occasion,corporate,2,2,13,true,8900,10000,,Corporate Gift Set Welcoming on board 6 in 1 Gift Set | Corporate Gift Set Team Building - OTIS | Premium Towel and Bamboo Flask
pacificbasket.myshopify.com,Pacific Basket Co.,www.pacificbasketco.com,occasion,corporate,2,0,13,true,12795,17595,,BC AMBASSADOR | BC GOURMET LOCAL ARTISAN GIFT BASKET
a9feae-ea.myshopify.com,Conscious Collective Corporate Gifting,giftwithstory.com,occasion,corporate,2,0,13,true,400,5100,,Anna's Referral Brand Box 2 | Branded Treat Bag
a997a7-2.myshopify.com,Revive Goods.,revivegoods.ca,occasion,corporate,2,1,13,true,13999,17200,Choose mug colour (1); Add personalization on items (1); Choose your gift box (1),Corporate Gift Employee Appreciation Gift Client Promotional Gift Box Christmas Gift Clients Boss Gift Idea Company Logo Customized Gifts | Employee Cozy Gift Corporate Gift Coworker Gift For Employees Appreciation Gift Box Gift For Team Boss Mug Set Gift Tea Gift Box Bulk Gift
d53877-9b.myshopify.com,The Gift Marche,www.thegiftmarche.ca,occasion,corporate,2,1,13,true,3500,6000,Personalized message (1); Gift wrapping (1),Appreciation Hamper for Carrier | Client Appreciation Hamper - Mosiac Transport
941a25-4.myshopify.com,Wilder Cookies Wholesale,www.wildercookieswholesale.com,bulk,cookies_bulk,2,0,13,true,1650,1650,,Salted Chocolate Chunk Cookie (Pack of 6) | S'mores Cookie (Pack of 6)
campbellfordwholesale.myshopify.com,Campbellford Wholesale Ltd,campbellfordwholesale.com,bulk,cookies_bulk,2,0,13,true,5995,6695,,Christie Cookies - Oreo Single Serve  100x22gr | Best Buy Cookies - Vanilla Creme 12x600gr
bargainballoons-dev.myshopify.com,Bargain Balloons Canada,bargainballoons.ca,price,favors_under_10; favors_under_25,2,0,13,true,9,19,,"2"" Airfill Only (Sticks Sold Separately) Happy Birthday Wishes Gold Balloon | 4"" Airfill Only (Sticks Sold Separately) New Year Stars Balloon"
boardgamebliss.myshopify.com,Board Game Bliss,www.boardgamebliss.com,price,favors_under_25,2,0,13,true,23,23,Title (2),"Valduk, Keeper of the Flame (DMR-147) - Dominaria Remastered [Uncommon] | Unstoppable Ogre (NEO-169) - Kamigawa: Neon Dynasty [Common]"
5d3054-9c.myshopify.com,Cardboard Hero,cardboardhero.com,price,favors_under_25,2,0,13,true,12,14,Title (1),Beach Court (167/198) [Scarlet & Violet: Base Set] | Birdcage [Awakening of the New Era]
envcollectible.myshopify.com,ENV Collectible,envcollectible.com,price,favors_under_25,2,0,13,true,10,20,Title (2),Heat & Wire [Royal Blood] | Barrier!! [Kingdoms of Intrigue]
legendary-collectables.myshopify.com,Legendary Collectables,legendarycollectables.com,price,favors_under_25,2,0,13,true,20,20,Title (2),Tantrum Toddler [LEDE-EN046] Common | Acerola's Mischief (180/217) [Mega Evolution: Ascended Heroes]
loot-kindgom.myshopify.com,Loot Kingdom,www.lootkingdom.com,price,favors_under_25,2,0,13,true,20,20,Title (2),Overload (Red) [U-MON275] (Monarch Unlimited)  Unlimited Normal | Unchained Soul of Shyama [DUNE-EN020] Common
take-another-bite.myshopify.com,Take Another Bite,takeanotherbite.com,sentence,sentence_dessert,2,0,13,true,5000,6000,,Catering - Sweet Treat Platter | Catering - Canadian Dessert Platter
the-happy-box-canada.myshopify.com,The Happy Box,thehappybox.ca,sentence,sentence_dessert,2,0,13,true,9900,12900,Size (1),Shareables | Dinner for Two
hd-plastic-product-canada-inc.myshopify.com,HD Bio Packaging,hdbiopak.com,sentence,sentence_dessert,2,0,13,true,1795,6795,Package size (2),"[Pre-order] 6-Gird Red Dessert Box W/ Clear Lid | 9.8x6.7x4"" | White Square Cake Paper Box Pastry Box W/ Window | 10x10x2.5"""
9hra6q-ww.myshopify.com,Neighbor Buy,www.nbbuy.ca,sentence,sentence_kids,2,0,13,true,1299,1299,,"Fairy Tale Princess Theme Party Decorations Set – Kids Birthday Supplies with Stickers, Gift Bags, Bracelets & Party Accessories | Cartoon Mouse Theme Party Decorations Set – Kids Birthday Supplies with Stickers, Slap Bracelets, Gift Bags & Colorful Accessories"
good-nbr.myshopify.com,Good Neighbour,good-nbr.myshopify.com,category,favors,1,0,13,true,4000,4000,,Rainbow Surprise Balls
b-glam-party-shop-9426.myshopify.com,B Glam Party Shop,bglampartyshop.ca,category,favors,1,0,13,true,3900,3900,,Pink Surprise Balls (x 6)
floristca.myshopify.com,Florist,florist.ca,category,dessert_box,1,0,13,true,4600,4600,Size (1),Sweet & Salty Gift Box
blancparrouge.myshopify.com,blancparrouge,rougemaple.com,category,dessert_box,1,0,13,true,2695,2695,,La boîte gourmandises Plaisirs sucrés
carlacookiebox.myshopify.com,Carla's Cookie Box,carlacookiebox.com,category,dessert_box,1,0,13,true,4500,4500,,Gourmet Butter Tart (6) & Chocolate Chip Cookies (6) Gift Box
eatalytoronto.myshopify.com,Eataly Toronto,shoptoronto.eataly.ca,category,dessert_box,1,0,13,true,17999,17999,Each (1),Dolci Heaven - Gift Box
cadeau-gourmand.myshopify.com,Cadeau Gourmand,cadeaugourmand.ca,category,dessert_box,1,0,13,true,10000,10000,Emballage (1),Trésor gourmand
blooms-canada.myshopify.com,Canada Blooms,bloomsca.ca,category,dessert_box,1,0,13,true,5199,5199,,Cakecicle Dessert Gift Box
bakepassion.myshopify.com,Passion Bake Inc.,www.passionbake.com,category,dessert_box,1,0,13,true,4500,4500,,Confectionary Box
desserts-by-rie.myshopify.com,Desserts by Rie,dessertsbyrie.com.au,category,dessert_box,1,1,13,true,10200,10200,,Deluxe Strawberry Box
jocelyns-2.myshopify.com,Jocelyn's Provisions,jocelynsprovisions.com.au,category,dessert_box,1,0,13,true,3400,3400,,Brownie Gift Box
fran-murray.myshopify.com,Fran Murray Co. ,www.franmurray.co,category,dessert_box,1,0,13,true,9900,9900,,The Dessert Hour
les-boites-shop-moi-ca.myshopify.com,Shop moi ça,shopmoica.ca,category,dessert_box,1,0,13,true,6500,6500,,Gourmande Azur
hungarian-fine-foods.myshopify.com,Hungarian Fine Foods,www.hungarianfinefoods.ca,category,dessert_box,1,1,13,true,17500,17500,,Tokaji Dessert Gift Box
torontoblooms.myshopify.com,Toronto Blooms,torontoblooms.ca,category,dessert_box,1,0,13,true,3999,3999,,Chocolate Berry Pastel Favourites Gift Box
v50yfk-hx.myshopify.com,The Sweet Basket,thesweetbasket.com,category,dessert_box,1,0,13,true,5995,5995,Size (1),Birthday Cheer Gift Box
al-karam-sweets.myshopify.com,Al-Karam Sweets,www.alkaramsweets.com,category,dessert_box,1,1,13,true,1556,1556,,Favour Gift Box
krause-farms-ltd.myshopify.com,Krause Farms Ltd,www.krauseberryfarms.com,category,dessert_box,1,0,13,true,13999,13999,Size (1),LARGE Sweet Gift Box
pine-and-prairie-candles.myshopify.com,Pine and Prairie Candles,pineandprairiecandles.com,category,candles,1,0,13,true,3000,3000,Scent (1),Candle Favors
deesdecorhouse.myshopify.com,Dee's Decor House,www.deesdecorhouse.ca,category,candles,1,1,13,true,400,400,,Rose Candle Favors
tub-loves.myshopify.com,Tub Loves,tub-loves.myshopify.com,category,candles,1,0,13,true,10620,10620,Quantity: (1),Potted Succulent Candle Favor
3442d3.myshopify.com,The Wild North Shack,thewildnorthshack.com,category,candles,1,1,13,true,500,500,Packaging (1),Custom Daisy Beeswax Candle Favors
twentyseventoronto.myshopify.com,Twentyseven,twentyseventoronto.com,category,candles,1,0,13,true,27500,27500,,Roma Heirloom Tomato XL Candle
a7b533-34.myshopify.com,TLConnection,shop.thetlconnection.com,category,candles,1,0,13,true,2195,2195,Vessel size (1); Color (1); Size (1),2.5oz aura® candle vessel
yogaele.myshopify.com,Magic Exhalation,www.magicexhalation.com,category,candles,1,1,13,true,2195,2195,Color (1),"Wedding Favor Candles Gift For Guests, Personalized Candle Wedding Gifts From Bride And Groom, Bridal Shower Candle Gift For Bridesmaids"
laquiins-accessories.myshopify.com,LaQuiins ,laquiins.com,category,candles,1,0,13,true,560,560,Choose your design (1); Choose your fragrance (1),Bubble Candle Favor | Wedding and Event Guest Gift
7by81m-dw.myshopify.com,Tayamek Anamera ,tayamekanamera.ca,category,candles,1,1,13,true,7900,7900,,"Personalized Wedding Favor Candle Set with Sealed Gift Box – Bulk Soy Wax Candles with Dried Flowers, Custom Name Label – Bridal Shower, Baby Shower, Birthday Guest Gifts (10–200 pcs)"
the-scented-market.myshopify.com,The Scented Market,thescentedmarket.ca,category,candles,1,0,13,true,4999,4999,,Fall Candle Sample 5 Pack | Soy Wax Candle Gift Set
maison-rose-co.myshopify.com,Maison Rose,www.maisonrose.co,category,candles,1,0,13,true,750,750,Label (1); Candle aroma (1); Candle vessel colour (1),Luxury Candle Party Favours
9bdb00-b9.myshopify.com,L'instant d'une flamme,linstantduneflamme.ca,category,candles,1,1,13,true,700,700,Parfum (1); Couleur de ruban (1); Couleur (1),Soa
glwgrls.myshopify.com,The GLW Shop,theglwshop.com,category,candles,1,0,13,true,15600,15600,,Mini Three Sisters Candle Set
richview-glass.myshopify.com,Richview Glass Wedding Supplies,www.richviewglasses.com,category,candles,1,0,13,true,175,175,,Pink peonies flower White cube candle 3x3 gift scented favor
picot-collective.myshopify.com,Picot ,picotcollective.com,category,candles,1,0,13,true,9200,9200,,Candle Gift Set
lerouge-life.myshopify.com,Le Rouge Life,lerouge.life,category,candles,1,1,13,true,2500,2500,Scent (1),WEDDING FAVOR | Luxe Glow Candle
siramerge.myshopify.com,Sira Print Inc.,siramerge.myshopify.com,category,stickers,1,0,13,true,1,1,,Sticker Sheets
sugarbones.myshopify.com,Sugarbones,sugarbones.net,category,stickers,1,0,13,true,1500,1500,Design (1),Hollanov | Sticker Sheets
shopstickerbeat.myshopify.com,Stickerbeat.com,stickerbeat.com,category,stickers,1,1,13,true,11400,11400,Sticker size (1); Quantity (1),Sticker Sheets
warner-music-canada.myshopify.com,Warner Music Canada,wmc.shop,category,stickers,1,0,13,true,1259,1259,,Perfect Little Angel Sticker Sheet
soulshine-8523.myshopify.com,Soulshine ,soulshineshop.com,category,stickers,1,0,13,true,1200,1200,,Emily Lex Studio - Springtime Sticker Sheet
rosie-dinh97.myshopify.com,cherrystudio,cherrystudiooo.com,category,stickers,1,0,13,true,500,500,,Home sticker sheet
front-and-co-gifts.myshopify.com,Front and Company: Gifts,gifts.frontandcompany.ca,category,stickers,1,0,13,true,1495,1495,,Bouquets sticker sheets
chopvalue.myshopify.com,ChopValue,chopvalue.com,category,coasters,1,0,13,true,2100,2100,Sets (1),Coaster Set
baa4cb-c0.myshopify.com,LUMI,lumi.glass,category,coasters,1,0,13,true,2900,2900,,GLASS TILE COASTER - A Love Letter: Single
home-treasures-more.myshopify.com,Home Treasures & More,hometreasures.ca,category,coasters,1,0,13,true,3999,3999,,Scalloped Marble Coasters - Set of 4
bergo.myshopify.com,Bergo Designs,www.bergodesigns.ca,category,coasters,1,0,13,true,3200,3200,,Cheese Coaster Set
myecohome-inc.myshopify.com,MyEcoHome,myecohomemarketplace.com,category,coasters,1,0,13,true,3499,3499,,Chinoiserie Coasters
byob-cocktail-emporium.myshopify.com,Cocktail Emporium,www.cocktailemporium.com,category,coasters,1,0,13,true,4500,4500,,Cocktail Beaded Coasters (set of 4)
info-steelinghome-ca.myshopify.com,Steeling Home,www.steelinghome.ca,category,coasters,1,0,13,true,2100,2100,,Mango Wood Scalloped Coasters
824b1d-5f.myshopify.com,Kiyo Home,kiyohome.com,category,coasters,1,0,13,true,3500,3500,Color (1),Elk Drink Coasters
everdrobe.myshopify.com,OddGifts.com,www.oddgifts.com,category,coasters,1,0,13,true,1599,1599,,These Pizza Coasters Look Like Someone Ordered Table Protection
rubaiyat.myshopify.com,RUBAIYAT,rubaiyat.myshopify.com,category,coasters,1,0,13,true,29000,29000,,Michael Aram | Vintage Bloom Coaster Set
lady-e-decor.myshopify.com,Lady.E Décor & Design,ladyedecor.com,category,coasters,1,0,13,true,899,899,Sigle  (1),Handcrafted Marble Tile Coasters
nicoles-gifts-verona.myshopify.com,Nicole's Gifts Verona,nicoles-gifts-verona.myshopify.com,category,coasters,1,0,13,true,499,499,Style (1),Ceramic Coaster
sparkle-featuring-crystals-from-swarovski.myshopify.com,Sparkle,nvcreatives.com,category,coasters,1,0,13,true,1200,1200,Quantity (1),Handmade Heart-Shaped Ocean Wave Resin Coaster – Unique Drink Coasters for Home & Gifts
inkwell-boutique.myshopify.com,Inkwell Modern Handmade,inkwellboutique.ca,category,coasters,1,0,13,true,1500,1500,,East Coaster Six Pack
thecrdroom2.myshopify.com,The Card Room at KRICKET’S ,thecardroom.ca,category,coasters,1,0,13,true,2195,2195,,Retro Vinyl Coasters
cookery-store.myshopify.com,Cookery,cookery-store.myshopify.com,category,coasters,1,0,13,true,3500,3500,Color (1),Chilewich Mini Basketweave Coasters – Set of 4 / Parchment
presents-presents-presents.myshopify.com,Presents Presents Presents,www.presentspresentspresents.ca,category,coasters,1,0,13,true,2795,2795,,Coasters- Hexagon Marble & Mango Wood Set/4
canada-syc.myshopify.com,Shen Yun Collections Canada,shenyuncollections.ca,category,coasters,1,0,13,true,2100,2100,,Seasonal Blossoms Coasters
spadana-smart-living.myshopify.com,Spadana Smart Living,spadana-smart-living.myshopify.com,category,coasters,1,0,13,true,2999,2999,,Drunk Expressions Coasters-Set of 4
click-and-craft.myshopify.com,Click and Craft,www.heavensrecruitment.com,category,coasters,1,0,13,false,3999,3999,Shipping (1); Quantity (1); Including trivet (1),Set of 2 Handmade Round Coasters
wicked-tender.myshopify.com,Wicked Tender,wickedtender.com,category,coasters,1,0,13,true,7700,7700,Color (1),8-Piece Mandala Diamond Painted Coaster Set with Cup Holder – Colorful DIY Table Decor Gift for Home
275b7f-3.myshopify.com,Isle at ease ,www.isleateaseshop.ca,category,coasters,1,0,13,true,2800,2800,,Spiral Coasters
handmadesask.myshopify.com,HandmadeSask,www.handmadesask.com,category,coasters,1,0,13,true,2000,2000,Style (1),Drink Coaster Set
katycouture.myshopify.com,Farmhouse Is My Style,farmhouseismystyle.com,category,totes,1,0,13,true,4900,4900,,Gingerbread Spice Tote Bag *BEST SELLER*
rather-green.myshopify.com,Rather Green,rathergreen.ca,category,totes,1,1,13,true,9900,9900,Colour (1); Size (1),Amiga Tote
muji-canada.myshopify.com,MUJI,muji.ca,category,totes,1,0,13,true,590,590,Color (1),Mini Canvas Tote Bag
ca-rugandweave-com.myshopify.com,Rug and Weave ,ca-rugandweave-com.myshopify.com,category,totes,1,0,13,true,2995,2995,Colour (1),Everyday Gingham Tote Bag
thecabanastores.myshopify.com,The Cabana.ca,thecabana.ca,category,totes,1,0,13,true,9799,9799,,ALOHA COLLECTION - Seaside Day Tripper | White on Lemu Blue
boutique-peridot.myshopify.com,Boutique Peridot,www.boutiqueperidot.com,category,totes,1,0,13,true,3200,3200,,Cavallini Tote Bag Tea Time
poches-et-fils.myshopify.com,Poches & Fils,pochesetfils.com,category,totes,1,1,13,true,2499,2499,Color (1); Size (1),Tote Bag à poche personnalisable
orbitkeyinternational.myshopify.com,Orbitkey,www.orbitkey.com,category,totes,1,0,13,true,2200,2200,Color (1),Foldable Tote Bag
urbannaturestore-ca.myshopify.com,Urban Nature Store,www.urbannaturestore.ca,category,totes,1,0,13,true,695,695,,Gift Tote Ah! There
the-sweet-life-apparel-gifts.myshopify.com,The Sweet Life Apparel and Gifts ,the-sweet-life-apparel-gifts.myshopify.com,category,totes,1,1,13,true,2000,2000,Color (1),Printed Tote Bag
hoodies-for-heros.myshopify.com,Hoodies For Heroes,hoodiesforheroes.shop,category,totes,1,0,13,true,5700,5700,Color (1),Smile Embossed Leather Tote
nab-leather-co.myshopify.com,NAB Leather,nableather.com,category,totes,1,0,13,true,20700,20700,Color (1),Classic Brown Leather Tote Bag
87e26e-4.myshopify.com,DAVIDsTEA,davidstea.com,category,totes,1,0,13,true,1900,1900,,The Tea Tote
onze-montreal.myshopify.com,Onze Montreal,onze-montreal.com,category,totes,1,1,13,true,1995,1995,Color (1),Tote Bag Montreal Quebec Illustration Canvas
0nkrrk-0g.myshopify.com,Bananas,0nkrrk-0g.myshopify.com,category,totes,1,0,13,true,6300,6300,,Checker Icons Tote Bag
say-it-with-stacey.myshopify.com,Say it with Stacey,sayitwithstacey.ca,category,totes,1,0,13,true,3299,3299,Title (1),"It's What's on the Inside that Counts! — Hilarious Totes that are practical, eco friendly and fun!"
seek-gifts-and-home-decor-ltd.myshopify.com,Seek gifts and home decor Ltd. ,seekgiftsanddecor.com,category,totes,1,0,13,true,2700,2700,,No Place Like Local SEEK Tote Bag
468729-3.myshopify.com,Warm Gift Shop,warmgiftshop.com,category,totes,1,0,13,true,1900,1900,,Mini Tote Bag | Pink Floral with Birds
bagsinbulk-ca.myshopify.com,BagsInBulk.ca,bagsinbulk.ca,category,totes,1,0,13,true,5700,5700,Color (1),Reusable Gift Tote Bag 8 x 10 inch
opusartsupplies.myshopify.com,Opus Art Supplies,opusartsupplies.com,category,totes,1,0,13,true,3099,3099,,Cavallini Vintage Inspired Tote Bag - Tarot
mamabuzz-collections.myshopify.com,MamaBuzz Creations,mamabuzzcreations.com,category,totes,1,1,13,true,3199,3199,Size (1),"""World's Best Mom"" ""Tote Bag, Gift for her, Mother's gift, Mom's gift, Personalized Bag, Tote Bag"
osadia-store.myshopify.com,Osadia Concept Store,www.osadia.ca,category,totes,1,0,13,true,3400,3400,Color (1),Rabbit Tote
0pun7g-u6.myshopify.com,baby enRoute,www.babyenroute.com,category,totes,1,0,13,true,8999,8999,,Cotopaxi Taal Convertible Tote
rae-s-kakes-and-kreations.myshopify.com,Rae’s Kakes and Kreations,www.raeskakesandkreations.com,personalization,favors_personalized,1,1,13,true,3600,3600,,Custom Party Favors Treats
ynj3ez-pr.myshopify.com,Designs By Diza,designsbydiza.ca,personalization,favors_personalized,1,1,13,true,6000,6000,Treats (1),Wrapped Treats Custom Theme
gj6yav-aa.myshopify.com,HoneyAndB’sCreativities,gj6yav-aa.myshopify.com,personalization,favors_personalized,1,1,404,true,1500,1500,,Party Favor Mega bundle DIGITAL ONLY CANVA
gzjfhe-sr.myshopify.com,Oh So Cute,shopohsocute.ca,personalization,favors_personalized,1,1,13,true,1400,1400,,Play Dough Favors
dellaterra.myshopify.com,DellaTerra,www.dellaterra.ca,personalization,favors_personalized,1,1,13,true,1195,1195,,100ml Single - Custom Wedding & Party Favour
c-ware-design-co.myshopify.com,C. WARE DESIGN CO,cwaredesignco.com,personalization,favors_personalized,1,1,13,true,2000,2000,Choose your favor (1),Custom Party Favors
ggqmgn-xk.myshopify.com,JeStore,jestore228.com,personalization,favors_personalized,1,1,13,true,4000,4000,Quantity (1),"Personalized Custom Chip Bags – Any Theme, Photo or Design | Kids Birthday Party Favor Snack Bags"
dufzub-j8.myshopify.com,Natasha.j.stylez,natashajstylez.com,personalization,favors_personalized,1,1,13,true,800,800,,MINNIE MOUSE PARTY FAVOR BUNDLE EDIT IN CANVA
crafty-quita-s-boutique.myshopify.com,Crafty Quita’s Tee and Things LLC,www.craftyquitasblanks.com,personalization,favors_personalized,1,1,13,true,1500,1500,How to receive (1); Favors (1),Custom Party Favors
064w6f-nm.myshopify.com,Anastasia's Kreative Kustoms ,anastasiaskreatives.com,personalization,favors_personalized,1,1,404,true,150,150,,Custom Favor Wrappers
kinannou.myshopify.com,KINANNOU,kinannou.myshopify.com,personalization,favors_personalized,1,1,13,true,16300,16300,Party favor boxes (1),PARTY FAVOR BOXES
binviteddesigns.myshopify.com,BinvitedDesigns,binviteddesigns.myshopify.com,personalization,favors_personalized,1,1,13,true,1500,1500,Quantity (1); Printed or digital (1),"PAW PATROL Shield Printed or Digital Custom Birthday Party Stickers for Gift Bags, Party Favors!"
ckf1yv-gc.myshopify.com,SheCustomCrafts,shecustomcrafts.com,personalization,favors_personalized,1,1,13,true,300,300,,Shot Glass Template
smifome.myshopify.com,SMIFOME,smifome.myshopify.com,personalization,favors_personalized,1,1,13,true,300,300,Party favors (1),Custom Digital Party Favors
ayazay-wedding-shoppe.myshopify.com,AyaZay Wedding Shoppe,ayazay-wedding-shoppe.myshopify.com,personalization,favors_personalized,1,1,13,true,549,549,,MINI CUSTOM PRINTED SQUARE PAPER FAVOR BOXES - FLORAL GARDEN PARTY
miniature-boutique.myshopify.com,Paper and Clips Co.,www.paperandclipsco.com,personalization,favors_personalized,1,1,13,true,3640,3640,Quantity (1); Size (1),The Perfect Mix - White Party Bags
3781f2-ad.myshopify.com,Savoury Cravings Company,savourycravings.com,personalization,favors_personalized,1,1,13,true,300,300,Amount (1),Customized Apple & Eve Party Favor
queen-city-cakes-yqr.myshopify.com,Queen City Cakes,queencitycakes.ca,personalization,cookies_custom,1,1,13,true,600,600,,Signature Custom Printed Sugar Cookies
evelyns-candy-house.myshopify.com,Evelyn's Candy House,evelynscandyhouse.ca,personalization,cookies_custom,1,1,13,true,595,595,Type (1); Custom (1),Custom Printed Cookies
wgcsb0-10.myshopify.com,Chickadee's Home Bakeshop,chickadeeshomebakeshop.com,personalization,cookies_custom,1,1,13,true,7500,7500,,Custom Cookies
akemissweets.myshopify.com,akemissweets,akemissweets.myshopify.com,personalization,cookies_custom,1,1,13,true,8400,8400,,Two Dozen Custom Cookies
ce15ab.myshopify.com,Hey Sugar,www.iloveheysugar.com,personalization,cookies_custom,1,1,13,true,400,400,,Custom Logo Sugar Cookies
the-hb-baker.myshopify.com,The HB Baker,thehbbaker.com,personalization,cookies_custom,1,1,13,true,17000,17000,,Custom Order- Kelsey Anderson
y7vnft-f9.myshopify.com,Beau Biscuit,www.beaubiscuit.ca,personalization,cookies_custom,1,1,13,true,6500,6500,,Sur mesure - Biscuits X 12
sos-sucre.myshopify.com,SOS Sucre,www.sossucre.ca,personalization,cookies_custom,1,1,13,true,6600,6600,Quantité (1),Biscuits Thématiques
sugary-bites.myshopify.com,Sugary Bites,www.sugarybites.com,personalization,cookies_custom,1,1,13,true,17098,17098,,Custom Order
passion-for-desserts.myshopify.com,Passion for Desserts,passion-for-desserts.myshopify.com,personalization,cookies_custom,1,1,13,true,350,350,Size (1),Logo Cookies
yu7h1s-dm.myshopify.com,LavishBakes,lavishbakes.ca,personalization,cookies_custom,1,1,13,true,1899,1899,Mix & match box sizes? (1),Mix & Match Box
961258-2.myshopify.com,Cookie Canvas MTL,cookiecanvas.ca,personalization,cookies_custom,1,0,13,true,1275,1275,Base (1); Style (1),Hand Decorated Sugar Cookies
moonflourbakehouse-2.myshopify.com,Moonflour Bakehouse,moonflourbakehouse.ca,personalization,cookies_custom,1,1,13,true,6500,6500,Do your designs include piped flowers?* (1); Number of cookies * (1); Number of cookie designs (applies to entire order)* (1),Custom Cookies (Regular Size)
920qyc-91.myshopify.com,MVR Designs,mvrdesigns.shop,personalization,coasters_engraved,1,1,13,true,4000,4000,Set (1),Personalized Engraved Coaster Set
created-for-me-canada.myshopify.com,Created For Me Laser Engraved Gifts & More,createdforme.ca,personalization,coasters_engraved,1,1,13,true,4800,4800,Set size (1),Live-Edge Coasters
dcrbqg-uq.myshopify.com,Sage Leaf Creations,sageleaf.ca,personalization,coasters_engraved,1,1,13,true,1199,1199,Shape (1),Custom Engraved Coaster
3f8741-2.myshopify.com,Eh!ch Engraving & Woodcraft,ehch.ca,personalization,coasters_engraved,1,1,13,true,1195,1195,Single (1),Personalised Laser Engraved Coaster
annas-flowers-ca.myshopify.com,"Anna's Garden, Home & Wellness",shopannas.ca,personalization,coasters_engraved,1,1,13,true,3999,3999,,Nocturna Engraved Coasters Set of 4
bleucieldesigns.myshopify.com,Bleu Ciel Designs,bleucieldesigns.com,personalization,coasters_engraved,1,1,13,true,8500,8500,Wood type (1),Engraved Coasters Set
ugezc0-rk.myshopify.com,Etched Gifts Ltd.,etchedgifts.ca,personalization,coasters_engraved,1,1,13,true,2299,2299,,Square Rock Coaster (1pcs)
beervin.myshopify.com,V&A CRAFT,winecraftstore.ca,personalization,coasters_engraved,1,1,13,true,699,699,Holder (1); Material (1); Quantity (1),"""Drinks Are on Me"" Custom Laser Engraved Coasters – Cork, Wood & Slate Stone"
evolsoul.myshopify.com,EvolSoul,www.evolsoul.com,personalization,coasters_engraved,1,1,13,true,2500,2500,,Personlized Monogram Engraved Wooden Coaster Set of 4
ssif-virtual-marketplace.myshopify.com,VIRTUAL MARKETPLACE,ssif-virtual-marketplace.myshopify.com,personalization,coasters_engraved,1,1,13,true,2000,2000,,Wood Engraved Coasters by Vicky the Real Artist
blue-sky-inspired.myshopify.com,Blue Sky Inspired,www.blueskyinspired.ca,personalization,coasters_engraved,1,1,13,true,1000,1000,Style (1),Solid Wood Engraved Coasters
at-the-lake-distributing-inc.myshopify.com,Shop The Lake,shopthelake.ca,personalization,coasters_engraved,1,1,13,true,3550,3550,,Set of 4 Entwine Engraved Coasters
creations-by-alfie.myshopify.com,Creations by Alfie,creationsbyalfie.ca,personalization,coasters_engraved,1,1,13,true,5200,5200,,Personalized Marble Coaster Set with Holder | Laser Engraved
limolin.myshopify.com,LIMOLIN,www.limolin.com,personalization,coasters_engraved,1,1,13,true,4000,4000,,Danica Studio - Teppi Engraved Coasters Set of 4
silver-lotus-winnipeg.myshopify.com,Silver Lotus Winnipeg,silver-lotus-winnipeg.myshopify.com,personalization,coasters_engraved,1,1,13,true,3800,3800,Style (1),Engraved Coaster Set
v58kqg-3t.myshopify.com,ScentDrop Canada,scentdrop.ca,personalization,coasters_engraved,1,1,13,true,2800,2800,Material type (1); Quantity (1),Custom Laser Engraved Coasters – Personalized Wood & Slate Coasters
prettycleanshop.myshopify.com,Pretty Clean Shop,www.prettycleanshop.com,personalization,coasters_engraved,1,1,13,true,2700,2700,,Acacia Engraved Coasters Set of 4 - Timber
house-of-himwitsa.myshopify.com,House Of Himwitsa,himwitsa.com,personalization,coasters_engraved,1,1,13,true,1095,1095,Motif (1),Assorted Engraved Coasters
joto-imaging-supplies-canada.myshopify.com,Joto Imaging Supplies Canada,jotoimagingsupplies.ca,personalization,coasters_engraved,1,1,13,true,1500,1500,Shape (1),Engravable Marble Wood Coasters - Pack of 4
delaine-designs.myshopify.com,Delaine Designs,delainedesigns.com,personalization,coasters_engraved,1,1,13,true,3000,3000,Style (1); Quantity (1),Engraved Slate Coasters
j99h9f-w3.myshopify.com,Dead On Customs,deadoncustoms.ca,personalization,coasters_engraved,1,1,13,true,3500,3500,Set size (1),Custom Slate Coasters - Laser Engraved
gibbdaan.myshopify.com,Gibb & Daan,www.gibbdaan.com,personalization,coasters_engraved,1,1,13,true,3500,3500,Pattern (1),6 Wooden Coaster Set with Stand - Hand Engraved design - Housewarming Gift - Zebra/Stripe Pattern Coaster Set - Wedding Favors Coasters
shop-bentley.myshopify.com,Shop Bentley,www.shopbentley.com,personalization,totes_monogram,1,0,13,true,4799,4799,Color (1),Tracker Verona Tote Bag
519503-4.myshopify.com,Modaselle,modaselle.com,personalization,totes_monogram,1,1,13,true,299500,299500,Condition (1); Color (1),Louis Vuitton Reverse Monogram Giant Onthego GM
momentum-clothing-2.myshopify.com,Momentum Clothing,momentumshop.ca,personalization,totes_monogram,1,1,13,true,38150,38150,,POTR MONOGRAM TOTE BAG - BLACK
n15smk-ut.myshopify.com,Purseonal Shopper,purseonalshopper.com,personalization,totes_monogram,1,1,13,true,182800,182800,,Louis Vuitton Monogram Pallas Cherry Pre-Owned
015898.myshopify.com,Sourcery,www.sourceryvan.com,personalization,totes_monogram,1,1,13,true,420000,420000,,Louis Vuitton OnTheGo Monogram Empreinte Leather PM Tote Bag
sabrinascloset.myshopify.com,Sabrina's Closet,sabrinascloset.com,personalization,totes_monogram,1,1,13,true,330000,330000,Condition (1),Monogram OnTheGo GM Tote
luxury-finds-consignment.myshopify.com,LFC Ltd,www.luxuryfindsconsignment.com,personalization,totes_monogram,1,1,13,true,299500,299500,,Louis Vuitton Two Tone Brown Monogram Canvas OnTheGo GM Tote
pft110-wn.myshopify.com,LUXOVA,luxovafashion.com,personalization,totes_monogram,1,1,13,true,29300,29300,,OBLIQUE BOOK TOTE 26 IN DARK BLUE MONOGRAM JACQUARD
lux-second-chances.myshopify.com,Lux Second Chance,luxsecondchance.com,personalization,totes_monogram,1,1,13,true,442000,442000,,"Louis Vuitton OnTheGo GM - ""Wild At Heart"" Monogram Tote Bag | Gold Hardware"
7nxiks-zm.myshopify.com,LUXX GALLERY,luxxgallery.com,personalization,totes_monogram,1,1,13,true,625700,625700,,Louis Vuitton Monogram Canvas Shopper Tote Bag MM – Brown
vsp-consignment.myshopify.com,VSP Consignment,vspconsignment.com,personalization,totes_monogram,1,1,13,true,149700,149700,,Monogram Jacquard Tote Bag
into-archive.myshopify.com,Into Archive,into-archive.myshopify.com,personalization,totes_monogram,1,1,13,true,535000,535000,Color (1); Material (1),Louis Vuitton 2019 Monogram OnTheGo GM Tote
1vrdx1-ta.myshopify.com,Krasceva,www.krasceva.ca,personalization,totes_monogram,1,1,13,true,3999,3999,Color (1),Classic Monogram Tote Bag with Adjustable Crossbody Strap
shop-f-y.myshopify.com,Fashionably Yours,fashionablyyours.com,personalization,totes_monogram,1,1,13,true,67500,67500,Color (1),MCM Monogram Tote
jlux-luxury.myshopify.com,JLux Luxury,jluxluxury.com,personalization,totes_monogram,1,1,13,true,89500,89500,,Louis Vuitton Monogram Popincourt Tote Bag
njdgy3-r1.myshopify.com,Petriavintage,petriavintage.com,personalization,totes_monogram,1,1,13,true,225000,225000,Color (1),Gucci GG Supreme Monogram Tote Bag With Web Strap Gray Black
finerthingsvintage.myshopify.com,Finer Things Luxury Vintage,finerthingsluxe.com,personalization,totes_monogram,1,1,13,true,71000,71000,,GUCCI Monogram Canvas Charm Tote Bag Beige
peak-bakery.myshopify.com,Atome Bakery,atomebakery.com,dietary,cookies_vegan,1,0,13,true,1499,1499,,Giant Vegan Walnut Chocolate Cookies (2-pack)
sandrinepastry.myshopify.com,Sandrine French Pastry & Chocolate,sandrinepastry.myshopify.com,dietary,cookies_vegan,1,0,13,true,975,975,,Vegan Tiramisu Cookie
spent-grounds-coffee-roasters.myshopify.com,Spent Grounds Coffee Roasters,spentgroundscoffeeroasters.ca,dietary,cookies_vegan,1,0,13,true,399,399,Type (1),Spent Grounds Cookies-ALL VEGAN
gooey-goode.myshopify.com,Gooey Goode,gooeygoode.com,dietary,cookies_vegan,1,0,13,true,73000,73000,How many cookies would you like to order? (1),Auro vegan cookie
flint-ingredient-co.myshopify.com,The Local Grocer,thelocalgrocer.com,dietary,cookies_vegan,1,0,13,true,799,799,,Snickerdoodle Cookies -6 vegan
body-fuel-organics-regina.myshopify.com,Body Fuel Organics,www.bodyfuelorganics.ca,dietary,cookies_vegan,1,0,13,true,800,800,,Wildflour Vegan GF Oatmeal Chocolate Chip Cookies (4/Pack)
boulangerie-le-toledo.myshopify.com,Boulangerie Le Toledo,www.letoledo.com,dietary,cookies_vegan,1,0,13,true,325,325,Format (1),Biscuit vegan
savortesting.myshopify.com,Savor Living,savorliving.ca,dietary,cookies_vegan,1,0,13,true,1600,1600,,🍪 Ma’s Small Batch Vegan Cookies - Box of 8
bread-butter-bakery-and-fine-pastries.myshopify.com,Bread & Butter Bakery and Fine Pastries,breadandbutter.ca,dietary,cookies_vegan,1,0,13,true,1175,1175,,6 Vegan Chocolate Chip Peanut Butter Cookies
nu-grocery.myshopify.com,NU Grocery,nugrocery.com,dietary,cookies_vegan,1,0,13,true,249,249,,Cookie - Belgian Chocolate Vegan
lorelynscom.myshopify.com,Lorelyns Gourmet Desserts,lorelyns.com,dietary,cookies_vegan,1,0,13,true,6000,6000,,"VALENTINE'S DAY GIFT BOX - LARGE,  8 Gourmet Chocolate Fudge Cookies + 4 Chocolate Brownie Bliss | 100% Peanut & Nut Free | Gluten Free | Plant Based | Vegan"
grain-inc.myshopify.com,Flourist  ,flourist.com,dietary,cookies_vegan,1,0,13,true,450,450,Size (1),Vegan Tahini Chocolate Cookie
yummy-cookies-ottawa.myshopify.com,Yummy Cookies Ottawa,yummycookies.ca,dietary,cookies_vegan,1,0,13,true,1175,1175,,Vegan Chocolate (6 cookies)
knifey-spooney.myshopify.com,Knifey Spooney ,knifey-spooney.myshopify.com,dietary,cookies_vegan,1,0,13,true,5000,5000,,Baker's Fave's Holiday Cookie Box
mbgrocery.myshopify.com,Miller & Bean Coffee Company,millerandbean.com,dietary,cookies_vegan,1,0,13,true,4999,4999,,Lotus Biscoff Cookies - Individually wrapped - 300 × 6.25g
sweet-craft-vegan.myshopify.com,Sweet Craft Vegan,sweetcraftvegan.com,dietary,cookies_vegan,1,0,13,true,3000,3000,Size (1),Christmas 25' Assorted Cookie Box
goodness-me.myshopify.com,Goodness Me!,goodnessme.ca,dietary,cookies_gf,1,0,13,true,849,849,,"Tates Bake Shop - Cookies - Gf Ginger Zinger, 198 g"
specialty-food-shop.myshopify.com,Specialty Food Shop,www.specialtyfoodshop.ca,dietary,cookies_gf,1,0,13,true,899,899,,Tate's Gluten Free Lemon Cookies
peppers-foods-store.myshopify.com,Peppers Foods Store,shop.peppers-foods.com,dietary,cookies_gf,1,0,13,true,1049,1049,Title (1),DOUBLE STUF GLUTEN FREE OREO [353 G]
qi3azh-um.myshopify.com,Beat. Patisserie ,www.beatpatisserie.ca,dietary,cookies_gf,1,0,13,true,450,450,Flavour (1),Gluten Free  Cookies
supermarchepa-2.myshopify.com,Supermarché PA,www.supermarchepa.com,dietary,cookies_gf,1,0,13,true,899,899,Style (1),Cookies
piccola-cucina-1.myshopify.com,Piccola Cucina	,piccolacucina.com,dietary,cookies_gf,1,0,13,true,3499,3499,Size (1),Assorted Gluten-Free Almond Macaroon Cookies Gift Pack
ryans-candies.myshopify.com,BritShop,britshop.ca,dietary,cookies_gf,1,0,13,true,719,719,,Walkers Chocolate Chip Shortbread GLUTEN FREE 140g
jqcyyp-ju.myshopify.com,All In One Marketplace Canada,allinonemarketplace.ca,dietary,cookies_gf,1,0,13,true,1300,1300,,"OREO Gluten Free Original Chocolate Sandwich Cookies, 342 g 🍁 All In One Marketplace Canada"
suss-cookie-co.myshopify.com,Süss Cookie Co,susscookieco.com,dietary,cookies_gf,1,0,13,true,400,400,,Gluten Free Cookie
cookielovaca.myshopify.com,Cookie Love,cookielovaca.myshopify.com,dietary,cookies_gf,1,0,13,false,265,265,,Gluten Free Chocolate Chip
ambrosia-national.myshopify.com,Ambrosia Canada,ambrosia-national.myshopify.com,dietary,cookies_gf,1,0,13,false,799,799,Size (1),Gluten Free Butterscotch Cookies
shoporganicbytes.myshopify.com,ShopOrganicBytes,shoporganicbytes.com,dietary,cookies_gf,1,0,13,true,2072,2072,Cookie box (1),Wholesome Chocolate Chip Cookies (GF & DF)
tre-mari-bakery.myshopify.com,Tre Mari Bakery,tre-mari-bakery.myshopify.com,dietary,cookies_gf,1,0,13,false,4950,4950,,Amaretti Gift Box
7pkasn-8k.myshopify.com,The Flakery Gluten Free Bakery,theflakeryglutenfreebakery.com,dietary,cookies_gf,1,0,13,true,300,300,Flavor (1),Gluten Free Bakery Style Cookies
de1577-40.myshopify.com,Yorkton Pharmacy,yorktonpharmacy.ca,dietary,cookies_gf,1,0,13,true,1299,1299,,Chips Ahoy! Gluten Free Cookies
vikingsnutritionjeantalon.myshopify.com,vikingsnutrition,vikingsnutrition.com,dietary,cookies_gf,1,0,13,true,1999,1999,Flavor (1),ChocZero - Breakfast Biscuits - 9oz
the-chocolate-bear-shoppe.myshopify.com,The Chocolate Bear Shoppe,thechocolatebearshoppe.com,dietary,chocolate_nutfree,1,0,13,true,2295,2295,,Sugar-Free Chocolate Box
all-things-fruit.myshopify.com,That Fruit Place,thatfruitplace.com,dietary,chocolate_nutfree,1,0,13,true,3078,3078,Chocolate/toppings (1); Size (1),Chocolate Covered Strawberries - Gift Box
www-abasketcase-ca.myshopify.com,A Basket Case,www.abasketcase.ca,dietary,chocolate_nutfree,1,0,13,true,12200,12200,,Local Chocolate Box
pure-nature-nutrition-2.myshopify.com,Pure Nature Nutrition Centers,www.purenaturenutrition.com,dietary,chocolate_nutfree,1,0,13,true,999,999,,UNREAL Dark Chocolate Coconut Covered Almond 113g
shopcocomarket.myshopify.com,Coco Market,shopcocomarket.myshopify.com,dietary,chocolate_nutfree,1,0,13,true,1000,1000,,Unreal Snacks - Dark Chocolate Covered Almonds
brooks-delectable-chocolates.myshopify.com,Brook's Delectable Chocolates,www.brookschocolates.com,dietary,chocolate_nutfree,1,0,13,true,3850,3850,Weight & price (1),Milk Chocolate Gift Boxes
haversack-test-2.myshopify.com,Haversack Sales,www.haversacksales.com,dietary,chocolate_nutfree,1,0,13,true,7164,7164,Unit size (1); Case pack (1),Maeve - Assorted Bonbon Gift Box (6oz) - Sail Away (Cube)
douce-france-toronto.myshopify.com,Douce France,doucefrance.ca,dietary,chocolate_nutfree,1,0,13,true,1375,1375,,Voisin's Corporate Gift Box with 4 Assorted Chocolates
choco-de-lea-mtl.myshopify.com,Choco de Léa,www.chocodelea.ca,dietary,chocolate_nutfree,1,0,13,true,2695,2695,,Boîte de 12 chocolats véganes assortis
bfccbd-cb.myshopify.com,Montreal Duty Free,www.montrealdutyfree.ca,dietary,chocolate_nutfree,1,0,13,true,3600,3600,,Tony's Chocolonely Rainbow Tasting Pack 320g
mikals-golden-chocolate.myshopify.com,Mikal's Golden Chocolate,goldenchocolate.ca,dietary,chocolate_nutfree,1,0,13,true,6499,6499,,Truffle Box Large
wzkupr-e5.myshopify.com,Cherished Gift Baskets,cherishedgiftbaskets.ca,dietary,chocolate_nutfree,1,0,13,true,13500,13500,,Gluten-Free Treasure Box
crafty-care-packages.myshopify.com,Crafty in a Box,box.craftydelivers.com,dietary,chocolate_nutfree,1,0,13,true,7139,7139,,Nuts.com - Peanut Butter Chocolate Gift Box
skiptheflowers.myshopify.com,Skip The Flowers Inc.,skiptheflowers.com,dietary,chocolate_nutfree,1,0,13,true,7800,7800,Packaging (1),Tasteful Treat Basket
77-0164aa-mol.myshopify.com,Fleuriste Rive Sud,fleuristerivesud.ca,dietary,chocolate_nutfree,1,0,13,true,2700,2700,,Delicious Box of Chocolates
little-taste-of-home.myshopify.com,Little taste of home,www.littletasteofhome.ca,dietary,chocolate_nutfree,1,0,13,true,1499,1499,,Quality Street Carton 220g
nelsons-chocofellar.myshopify.com,Nelson's Chocofellar,nelsonschocofellar.com,dietary,chocolate_nutfree,1,0,13,true,7900,7900,Dietary preferences (1),Deluxe Assorted 30-Piece Gift Box (400g)
reids-chocolate.myshopify.com,"Reids Chocolate, Candy & Nut Shop",reids-chocolate.myshopify.com,dietary,chocolate_nutfree,1,0,13,false,565,565,Box (1),Four Chocolate Box
chocolatas-ltd.myshopify.com,ChocolaTas LTD,chocolatas.com,dietary,chocolate_nutfree,1,0,13,true,4695,4695,,Elegance Box - All Dome Collection 16 piece
75-1062aa-mol.myshopify.com,Clarkson Flowers & Gifts ,clarksonflowersandgifts.ca,dietary,chocolate_nutfree,1,0,13,true,2800,2800,,Delicious Box of Chocolates
nutterie.myshopify.com,Nutterie,nutterie.com,dietary,chocolate_nutfree,1,0,13,true,8999,8999,Size (1),Bianca Box - Small
gift-it-gray.myshopify.com,Gift It Gray,giftitgray.ca,dietary,chocolate_nutfree,1,0,13,true,1999,1999,,Summerdown Mint Chocolate Collection
marysbsweets.myshopify.com,Mary's Brigadeiro,marysbsweets.myshopify.com,dietary,chocolate_nutfree,1,0,13,true,3900,3900,Flavour (1); Furoshiki fabric wrapping (1),12pcs Brigadeiro Gift Box
evoolution.myshopify.com,Evoolution,evoolution.ca,occasion,wedding,1,1,13,true,1375,1375,Tags (1),Wedding Favours
nelson-olive-oil-co.myshopify.com,Nelson Olive Oil Co,www.nelsonoliveoil.ca,occasion,wedding,1,1,13,true,1700,1700,Select quantity pricing (1),VIP Package - Weddings & Events
sticks-doodles.myshopify.com,Sticks & Doodles,sticksanddoodles.com,occasion,wedding,1,1,13,true,15500,15500,Size (1); Build time (1),Round Wood Wedding Guestbook Sign
u7k1ad-8q.myshopify.com,Lee Chocolate,leechoco.ca,occasion,wedding,1,0,13,true,1999,1999,Size (1),Signature Gold Wedding Favors
just-closeouts-canada-inc.myshopify.com,Just Closeouts Canada Inc.,justcloseoutscanada.ca,occasion,wedding,1,1,13,true,1299,1299,,"Folding Handheld Paper Fans - 24pcs Heart Folding Fan-Wedding Favors for Guests, Wedding Fans for Guests Personalised, White"
ambassador-laser-engraving.myshopify.com,Ambassador Engraving,ambassador-laser-engraving.myshopify.com,occasion,wedding,1,1,13,true,495,495,Additional cost for engraving. (1),Wedding Favors
vxuztj-th.myshopify.com,the Cubit Lab,thecubitlab.com,occasion,baby_shower,1,1,13,true,4100,4100,Size (1),DIY Personalized Baby Shower Favors – Blossom Baby Girl
brandondemandio.myshopify.com,Brand On Demand,shop.innateacademy.com,occasion,baby_shower,1,1,13,true,7100,7100,Title (1),We Can Bearly Wait Baby Shower Party Favor Set – Teddy Bear Theme | Printable Bundle | Custom Boho Aviator Baby Shower Decorations | Mockups | PNGs
19vzqf-m9.myshopify.com,Babyease,shopbabyease.com,occasion,baby_shower,1,0,13,true,7000,7000,Gender (1); Box type (1),Baby Gift Box
eastvanbees.myshopify.com,eastvanbees,www.eastvanbees.com,occasion,baby_shower,1,0,13,true,425,425,Dipper (1); Ribbon color (1),"Honey Favors for Weddings, Bridal Shower, Baby Shower, Special day - Single Jar"
garden-gate-home-decor.myshopify.com,GARDEN GATE HOME DECOR,gardengatehomedecor.ca,occasion,baby_shower,1,0,13,true,1499,1499,,WOODLAND BABY FAVOR BOX
lulaflora.myshopify.com,Lula Flora,lulaflora.com,occasion,baby_shower,1,1,13,true,2600,2600,Color (1); Quantity (1),Baby in Bloom Personalized Favor Tags
ohsnp.myshopify.com,Quanta Intelligence,ohsnp.myshopify.com,occasion,baby_shower,1,1,13,false,600,600,,Midjourney Custom Baby Shower Favors: Personalized and Adorable Keepsakes
scrap-bits.myshopify.com,Scrap Bits,scrap-bits.com,occasion,baby_shower,1,1,13,true,875,875,Size + type (1),"Pink Bow Thank You Labels, Baby Shower Favor Stickers or Tags"
inventory-barterpay.myshopify.com,BarterPay Online Marketplace,store.barterpay.ca,occasion,baby_shower,1,0,13,true,1500,1500,,Baby Girl Shower Favors - set of 19
littleleafbaby.myshopify.com,LittleLeafBaby,littleleafbaby.ca,occasion,kids,1,0,13,true,8500,8500,Color (1),patachou kids girl party bag
9f0c90-2.myshopify.com,J-FÊTE EXTRÊME,j-feteextreme.ca,occasion,kids,1,0,13,true,999,999,,Sacs-cadeaux en papier - Hello Kitty - 8/Pqt
lolli-and-confetti-party-shop.myshopify.com,Lolli and Confetti Party Shop,lolliandconfetti.com,occasion,kids,1,0,13,true,2250,2250,,Meri Meri  Construction Party Bag
gdyd0t-fx.myshopify.com,DailySkinWisely,dailyskinwisely.com,occasion,kids,1,0,13,true,2803,2803,,"Nush Nush Dinosaur Gift Bag Medium Size – Set of 12 Dinosaur Goodie Bag With Handles, Reusable Gift Bags for Kids - For Dino Party Favors, Party Favor Bags for Kids Birthday - 8""x4""x 10"" Size"
ccqseq-ya.myshopify.com,Bestow ,www.bestowgifts.ca,occasion,corporate,1,1,13,true,9900,9900,Quantity (1),Custom Stampede Survival Kit – Corporate Gift
1d1f83-f0.myshopify.com,LightBoxforYou,lightboxforyou.shop,occasion,corporate,1,1,13,true,11900,11900,,"Corporate Gift: Large Set, Custom Business Gift for Employees or Clients in Any Industry"
giftory-4867.myshopify.com,Giftory,www.giftory.com,occasion,corporate,1,0,13,true,20000,20000,Number of people (1),The Signature Business Collection
lush-party-studio-props.myshopify.com,Lush Party Studio Props,www.lushpartystudio.com,occasion,corporate,1,0,13,true,8200,8200,,EMPLOYEE APPRECIATION SET
backdropsource-v1-0.myshopify.com,Backdropsource Canada,www.backdropsource.ca,occasion,corporate,1,1,13,false,115500,115500,Choose size (1); Choose printing option (1),Trade Shows Booth Packages
card-gift-store.myshopify.com,Card.Gift,checkout.card.gift,occasion,corporate,1,0,13,false,2545,2545,Amount (1),Gift- Mastercard
bundles-of-zoe-2.myshopify.com,BUNDLES OF ZOE,bundles-of-zoe-2.myshopify.com,occasion,corporate,1,1,13,false,5000,5000,Price per box (1),Custom Corporate Gift Boxes
more-than-just-baskets-inc.myshopify.com,More Than Just Baskets Inc.,morethanjustbaskets.ca,occasion,corporate,1,0,13,true,6500,6500,Add on (1),Ultimate Charcuterie Gift Box (48 Hours' Notice)
notherstheawardstore.myshopify.com,Nothers The Award Store,notherstheawardstore.myshopify.com,occasion,corporate,1,1,13,false,12718,12718,Size (1),Jade Glass Droplet Award
suspire-in.myshopify.com,Suspire,suspire.in,occasion,corporate,1,1,13,true,39900,39900,,"Wooden Handshake Memento Trophy | DIY Customizable Partnership Award for Corporate Gifts, Dealer Meets & Business Achievements | Add Your Own Sticker or Text"
peppal.myshopify.com,Peppal,www.peppal.in,occasion,corporate,1,1,13,true,545000,545000,,The Corporate Curations Hamper
mf01tg-11.myshopify.com,ClearLabPrint,clearlabprint.com,occasion,corporate,1,1,13,true,4990,4990,Custom 1-on-1 gift set service (1),Custom Corporate Gift Sets | Personalized Premium Business & Occasion Gifts
glitter-baskets.myshopify.com,Glitter Baskets,glittergiftbaskets.ca,occasion,corporate,1,0,13,true,7800,7800,,Winter Elegance Cheese & Chocolate Basket - Ideal Christmas Corporate Gift
geoponicsincc.myshopify.com,Plant Club,www.plantclub.ca,occasion,corporate,1,1,13,true,1200,1200,,Succulent Event Favors & Corporate Gifts | Eco-Friendly Plant Gifts
f82aa1-6d.myshopify.com,Gifts and Prints by MW,www.giftsandprintsbymw.ca,bulk,favors_bulk,1,1,13,true,10000,10000,Size (1); Color (1); Ribbon color (1),Rose (50 pcs)
rocketfireworks-ca.myshopify.com,Rocket.ca,rocketfireworks.ca,bulk,favors_bulk,1,0,13,true,1499,1499,,Glow Bracelets - Bulk Tube Of 100 Assorted
1b335b-b5.myshopify.com,Canada's Toy Hub,www.canadastoyhub.com,bulk,favors_bulk,1,0,13,true,3138,3138,,Disney Princess Party Favor Bag Set - 12 Pack of 8 Princess Party Goodie Bags for Bulk
bear-country-kitchen.myshopify.com,Bear Country Kitchen,www.bearcountrykitchen.ca,bulk,favors_bulk,1,0,13,true,799,799,,Wilton 150 Party Bags Clear
1svzbm-9p.myshopify.com,Prestige Sales,www.prestigesales.ca,bulk,favors_bulk,1,0,13,true,6099,6099,Quantity (1),"Glow Necklace 22"" Bulk Tube (50/tube)"
umgusa.myshopify.com,UMGLA,umgla.com,bulk,favors_bulk,1,0,13,false,2760,2760,,CANDY BAG 10x10CM 50PK
little-gifts-that-grow.myshopify.com,Little Gifts That Grow,littlegiftsthatgrow.ca,bulk,favors_bulk,1,0,13,true,650,650,Twine/ribbon (1); Top dressing (1),Succulent Clay Favours
0a092c.myshopify.com,Todsky’s Magic Shop,magicstore.ca,bulk,favors_bulk,1,0,13,true,5390,5390,,Noses 1.5 inch Bag of 50
xwimey-bq.myshopify.com,CowLost,cowlost.com,bulk,favors_bulk,1,0,13,true,4999,4999,Color (1); Ships from (1),Graduation Rubber Duck Sets with Candy Boxes and Yellow Tassel – 6/12/24 Bulk Grad Party Favors
xjt530-8n.myshopify.com,Fat Cat Cookie Co,fatcatgourmet.ca,bulk,cookies_bulk,1,0,13,true,2599,2599,Size (1),Box of Cookies
sweet-lous-cookies.myshopify.com,Sweet Lou's Cookies,sweetlouscookies.com,bulk,cookies_bulk,1,0,13,true,2795,2795,,One Dozen Cookies
wholesalemms.myshopify.com,Wholesale,wholesale.marymacleod.com,bulk,cookies_bulk,1,0,13,true,8160,8160,Flavour (1),Bulk Cookies
the-sugar-shoppe.myshopify.com,The Sugar Shoppe,thesugarshoppe.ca,bulk,cookies_bulk,1,1,13,true,67500,67500,,Andrea Golden - Custom Cookie Order
buttermaidbakery-dev.myshopify.com,Butter Maid Bakery,buttermaidbakery.com,bulk,cookies_bulk,1,0,13,true,141,141,,Soldier Cookie Donation - OPERATION: SWEETEST APPRECIATION
justbitememeals.myshopify.com,Just Bite Me Meals ,justbitememeals.com,bulk,cookies_bulk,1,0,13,true,3799,3799,,Bulk Power Cookies (8 Cookies)
squishcookies.myshopify.com,Skuish Cookies,skuish.com,bulk,cookies_bulk,1,0,13,true,34900,34900,Flavour (1),100 Cookies Wholesale NYC Style Stuffed Cookies (90 g each)
475d32-61.myshopify.com,Healthy Selections,healthyselections.ca,bulk,cookies_bulk,1,0,13,true,88,88,Case pack (1),Shire's Birthday Cake Cookies (120 Units per Case)
candywholesale.myshopify.com,Candyonline.ca ,candyonline.ca,bulk,cookies_bulk,1,0,13,true,1175,1175,,Big Daddy Oatmeal Raisin Cookies 8-100 g
tmc06s-3g.myshopify.com,Per Party Boutique Toronto,perpartyboutique.com,bulk,cookies_bulk,1,0,13,true,157500,157500,,Corporate Soccer Cookie Order – 450 pcs
just-cakes-bakeshop.myshopify.com,Just Cakes Bakeshop,www.justcakesbc.com,bulk,cookies_bulk,1,0,13,true,4500,4500,Quantity (1),JCB Chocolate Chip Cookies
s7k6m0-yy.myshopify.com,SmoothShip Wholesale,smoothship.ca,bulk,cookies_bulk,1,0,13,true,1299,1299,Pack size (1),Oreo Mega Stuf Chocolate Sandwich Cookies 374g
natural-pet-foods.myshopify.com,Natural Pet Foods,naturalpetfoods.ca,bulk,cookies_bulk,1,0,13,true,699,699,,Bulk Cookies
bulkmartcanada.myshopify.com,Bulk Mart,bulkmart.ca,bulk,cookies_bulk,1,0,13,true,6699,6699,,Loacker - Gran Patisserie Cappuccino - 12 x 100g
pdyh4d-9y.myshopify.com,To Live For Bakery,tolivefor.ca,bulk,cookies_bulk,1,0,13,true,2160,2160,,Chocolate Chip Cookie
annies-chocolates-london.myshopify.com,ANNIES CHOCOLATES,www.annieschocolates.com,bulk,cookies_bulk,1,0,13,true,599,599,,Oreo Cookies
a1cashandcarry.myshopify.com,A1 Cash and Carry,www.a1cashandcarry.com,bulk,cookies_bulk,1,0,13,true,2199,2199,Uom (1),Fortune Cookies - Wrapped 400 pcs
jacks-on-queens.myshopify.com,Jack's On Queen,jacksonqueen.ca,price,favors_under_10,1,0,13,true,5,5,,James - Role Model (150/204) [Rise of the Floodborn]
mkcards.myshopify.com,MK Cards,mkkards.com,price,favors_under_10,1,0,13,true,5,5,,Frosting (Yellow) - UPR131
htwskh-en.myshopify.com,TCGspot,tcgspot.ca,price,favors_under_10,1,0,13,true,5,5,Condition (1),Awakening of the New Era - Conis (OP-05)
elpida-cafe-roastery.myshopify.com,Elpida Café & Roastery,www.elpidaroastery.com,price,favors_under_25,1,1,13,true,1,1,,Place Holder for Coffee Bean Favours - (Burlap Bags + Custom Sticker)
xgd8yn-aa.myshopify.com,How Sweet Inc,howsweetinc.ca,price,favors_under_25,1,0,13,true,20,20,,Fini Camel Balls
noblepack-ca.myshopify.com,Noblepack CA,noblepack.ca,price,favors_under_25,1,0,13,true,20,20,Color (1); Options (1),Balloon Print Self-Sealing Foil Bag
red-dragonca.myshopify.com,Red-DragonCA,red-dragon.ca,price,favors_under_25,1,0,13,true,20,20,Title (1),Leap Frog Gloves [HNT171] (The Hunted)
gameknight-games.myshopify.com,GameKnight Games,gameknight.ca,price,favors_under_25,1,0,13,true,20,20,,Shimmering Specter (Red) (Regular) [PEN133] (Compendium of Rathe)
73t1yj-br.myshopify.com,Fafnir's Hoard,fafnirshoard.ca,price,favors_under_25,1,0,13,true,14,14,,Monster Harpoon (014/219) [Unleashed]
game-breakers-ca.myshopify.com,Game Breakers,gamebreakers.ca,price,favors_under_25,1,0,13,true,23,23,,Territorial Baloth (BFZ-196)  Foil - Battle for Zendikar
hairytarantula.myshopify.com,Hairy Tarantula,hairyt.com,price,favors_under_25,1,0,13,true,22,22,Title (1),Slimy Kavu [Invasion]
redtrainer.myshopify.com,Hobbiesville,hobbiesville.com,price,favors_under_25,1,0,13,true,18,18,,Loogarmon - BT14-074 - Common
3bc075-9a.myshopify.com,Signarus Cards,signarus.ca,price,favors_under_25,1,0,13,true,24,24,Title (1),Fyendal's Fighting Spirit (Yellow) [UPR195] (Uprising)  Rainbow Foil
awesome-me-up-games.myshopify.com,Boutique Awesome,www.boutiqueawesome.com,price,favors_under_25,1,0,13,true,15,15,,Life of the Party (Blue) - Rainbow Foil - 1st Edition
401games.myshopify.com,401 Games,store.401games.ca,price,favors_under_25,1,0,13,true,20,20,,Karakuri Cash Cache - STOR-EN052 - Common - Unlimited
lulos-sweet-savory.myshopify.com,Lulo's Sweet & Savory,lulossweets.com,sentence,sentence_dessert,1,0,13,true,3900,3900,Title (1),Mini-Dessert Assortment Box
the-graze-anatomy.myshopify.com,The Graze Anatomy,thegrazeanatomy.com,sentence,sentence_dessert,1,0,13,true,13000,13000,,Small Dessert Platter (Serves 10 - 15)
chudleighs-farm.myshopify.com,Chudleigh's ,shop.chudleighs.com,sentence,sentence_dessert,1,0,13,true,2995,2995,,Sharable Dessert Flight
275847-55.myshopify.com,Oliver's Catering,www.oliverscatering.ca,sentence,sentence_dessert,1,0,13,true,3500,3500,,Mini Dessert Platter
tayybeh.myshopify.com,Tayybeh,tayybeh.com,sentence,sentence_dessert,1,0,13,true,2500,2500,,Small Dessert Box
cocoa-fig.myshopify.com,Cocoa & Fig,cocoaandfig.com,sentence,sentence_dessert,1,0,13,true,6500,6500,,Dessert Sample Box
cyberlily-store-3.myshopify.com,Natural Food Pantry Online Store,naturalfoodpantry.ca,sentence,sentence_dessert,1,0,13,true,798,798,,Katz Gluten Free Cupcakes Chocolate Creme 249g
aa182c-5.myshopify.com,Kianna Lissette Creates,www.kiannalissette.com,sentence,sentence_dessert,1,0,13,true,3200,3200,Size (1),Sweets Box
gabijules-dev.myshopify.com,Gabi & Jules,gabiandjules.com,sentence,sentence_dessert,1,0,13,true,2800,2800,,Dessert Squares (Box of 6)
beloved-and-bespoke.myshopify.com,Beloved & Bespoke,belovedandbespoke.com,sentence,sentence_dessert,1,0,13,true,12300,12300,,The Local Gather Box
vyno-ca.myshopify.com,Vyno,vyno.ca,sentence,sentence_dessert,1,0,13,true,3800,3800,,"Lindt Creation Petits Dessert Assorted Chocolate Box, 173g"
la-casa-dolce.myshopify.com,La Casa Dolce,lacasadolce.ca,sentence,sentence_dessert,1,0,13,true,18796,18796,Party size (1),Group Package #6 (Desserts)
1mau0n-61.myshopify.com,KunaiGames,kunaigames.com,sentence,sentence_dessert,1,0,13,true,599,599,,Hostess Snoballs Coconut & Marshmallow
toys-shop-32.myshopify.com,Matilda Co,www.matildaco.com,sentence,sentence_dessert,1,0,13,true,4773,4773,,"Ocmoiy Charcuterie Boxes with Clear Lids, 50 Pack Kraft Bakery Boxes, Cookie Boxes, Small Treat Boxes for Pastry, Sandwich, Cupcakes, Strawberries, Dessert To Go Containers"
dalmazio-imports.myshopify.com,Dalmazio Design,dalmaziodesign.com,sentence,sentence_dessert,1,1,13,true,254700,254700,,Royal Romance Dessert Bar Rental
storehouse-foods.myshopify.com,Storehouse Foods,storehousefoods.ca,sentence,sentence_dessert,1,0,13,true,57500,57500,Bundles (1); Colour (1),NutriMill Artiste Mixer
whippt-kitchen.myshopify.com,Whippt Kitchen,whipptkitchen.ca,sentence,sentence_dessert,1,0,13,true,4500,4500,,Halloween Dessert Graze Box
fleur-select-wholesale.myshopify.com,Fleur Wholesale,fleurwholesale.ca,sentence,sentence_dessert,1,0,13,true,450,450,Size (1),Dessert/Flower Box with handle
ali-addicted.myshopify.com,Ali Affordable,aliaffordable.com,sentence,sentence_dessert,1,0,13,true,3100,3100,,Dessert Boxes
nelson-home.myshopify.com,Fable - Canada,fable.com,sentence,sentence_dessert,1,0,13,true,7900,7900,Colour (1),Dessert Plates
be-chocolat.myshopify.com,BE Chocolat,www.bechocolat.com,sentence,sentence_kids,1,0,13,true,3600,3600,Extra bday (1),Birthday Workshop (for children)
rdwv3n-mi.myshopify.com,DIGITAL STORE 2,rdwv3n-mi.myshopify.com,sentence,sentence_kids,1,1,13,true,1700,1700,,Magic Party Kit Essential
f1hgs5-mh.myshopify.com,TCGfy,tcgfy.com,sentence,sentence_kids,1,0,13,true,1399,1399,Color (1),"Red Superhero Spider Theme Party Supplies – Disposable Cups & Plates, Paper Tablecloth & Festive Decorations for Kids' Birthdays & Baby Showers"
kids-fair-llc.myshopify.com,Kids Fair ,kidsfair.ca,sentence,sentence_kids,1,0,13,true,500,500,Condition (1),Science themed party decorations
2022-dash-test-store.myshopify.com,Hobby and Toy Central,www.hobbyandtoycentral.com,sentence,sentence_kids,1,0,13,true,1899,1899,,Glow Friendship Bracelets
snugglebugzbaby.myshopify.com,Snuggle Bugz,snugglebugz.ca,sentence,sentence_kids,1,0,13,true,2799,2799,,Mini Utensil Sets
midoco-art-office-supplies.myshopify.com,Midoco Art & Office Supplies,midoco.ca,sentence,sentence_kids,1,0,13,true,2999,2999,,Djeco DIY Headband Kit - Flower Friends
cherry-tree-lane-toy-shop.myshopify.com,Cherry Tree Lane Toys,www.cherrytreelane.ca,sentence,sentence_kids,1,0,13,true,1000,1000,,Make Your Own Friendship Bracelet Kit
